"Contact ÏĐ","First name","Last name","Company name",Email,Phone,Address,City,State,Zip,Country,"Last changed"
4272894,(JJ)Johannes,Jacobs,"Oncore / Refresh",johannes.jacobs@refresh.co.nz,0273452464,"3B Henry Rose Place,",,Albany,,,"2021-01-29 11:41:47"
5445509,,,"027 292 2740",,,,,,,,"2021-10-20 10:12:41"
6803793,,,0274720808,,,,,,,,"2022-11-11 05:47:26"
7517741,"7 Monmouth grey Lynn",Stone,,sdstone88@gmail.com,02102277997,,,,,,"2023-06-09 07:26:43"
1349955,Aaron,,,Aaron@48greysavenue.co.nz,,,,,,,"2017-07-24 07:40:29"
6060902,Aaron,,"Barneveld Construction",barneveldconstruction@gmail.com,0211477042,"26 King Richard Place",,"Browns Bay",,,"2022-04-21 14:58:33"
5698884,Aaron,Bartlett,"BP Bartlett Construction",aaron@bartcon.co.nz,0272831299,,,,,,"2022-01-18 17:11:57"
7159724,Aaron,Candy,"stately builders",info@stately.co.nz,+64212436449,,,,,,"2023-03-03 06:05:25"
6599015,,,"Aaron Cooper",,,,,,,,"2022-09-16 07:49:32"
6599016,Aaron,Cooper,"Aaron Cooper",aaroncooper85@gmail.com,021458830,,,,,,"2022-09-16 07:49:32"
8202165,,,Abbie,,,,,,,,"2023-12-17 21:03:26"
8202166,Abbie,,Abbie,larooyabbie@gmail.com,+642902235436,,,,,,"2023-12-17 21:03:26"
3628923,,,"About Body Corporates",,,,,,,,"2020-03-02 16:07:40"
5603318,abraham,treadwell,"blockhead ltd",abraham@blockheadvfx.com,021646472,,,,,,"2021-12-07 13:23:03"
10475602,,,"Abu Rasheed",,,,,,,,"2025-08-07 16:20:40"
10475603,Abu,Rasheed,"Abu Rasheed",abu320@hotmail.com,"021 1342 352","8 Ulster Road, Blockhouse Bay",Auckland,,0600,"New Zealand","2025-08-07 16:20:40"
10370267,,,"ACTIONHOMES LIMITED",,,,,,,,"2025-07-11 12:57:40"
1709172,,,"Add Value Renovation LTD",,,,,,,,"2018-01-31 11:14:32"
3671398,,,Addison,,,,,,,,"2020-03-13 10:15:27"
3672023,,,Addison?,,,,,,,,"2020-03-13 13:30:29"
6046022,Adeline,Cumings,,adeline121@hotmail.com,021574825,"16 Camden place",,Papatoetoe,,,"2022-04-19 13:09:21"
2114278,Adjunman,Gautam,,anjuman@oporto.co.nz,0211568426,"65 De Haviland Dve",,"Goodwood Heights",,,"2018-07-31 15:38:28"
4976077,Adolfo,Garcia,,ggpaintingnz@gmail.com,0225964389,,,,,,"2021-05-30 18:01:24"
6838613,,,Adrian,,,,,,,,"2022-11-22 09:38:58"
6838614,Adrian,,Adrian,syau927@gmail.com,021861619,,,,,,"2022-11-22 09:38:58"
1336213,Adrian,Kiff,Buildcheck,adrian@leakcheck.co.nz,021753861,,,,,,"2017-07-15 20:10:46"
4201246,Adrienne,Bolton,"Hobson Leavy Executive Search",bolton@hobsonleavy.com,0274890295,"33 Shortland Street",,"Auckland CBD",,,"2020-09-24 09:45:20"
11028951,Adrienne,Cleland,"Property Management",noelspalding@xtra.co.nz,0223010062,"3/11A Kitirawa Road, #3, Remuera",Auckland,,1050,"New Zealand","2025-12-26 16:12:44"
3215201,Adrienne,Heard,,aqua0811@hotmail.com,021346722,"69 Elstree Ave","Glen Innes",,,,"2019-10-02 08:18:51"
9319835,,,"ADROIT BUILDERS LIMITED",,,,,,,,"2024-10-09 15:06:30"
11259397,Agnes,Nemeth,,agnes.nemeth.nz@gmail.com,"020 4002 4048","32 Eden Crescent, Auckland Central",Auckland,,1010,"New Zealand","2026-02-25 09:47:49"
4142931,Aiden,Abdullah,"Total Paint",aiden@total-paint.co.nz,021404940,,,,,,"2020-09-07 13:53:47"
6344617,Ainsley,Ng,"Forrest Harrison",ainsley@forestharrison.co.nz,093082289,,,,,,"2022-07-06 18:38:18"
1451948,AJ,Kumer,"Buildup Developments Ltd",info@build4you.co.nz,0275638888,,,,,,"2017-09-16 11:09:05"
4301539,,,"Akron Trade  centre",,,,,,,,"2020-10-26 14:24:13"
4822248,,,Al,,,,,,,,"2021-04-15 16:12:00"
4822249,Al,,Al,almane1@xtra.co.nz,0210312992,"6 Tudward glade",Hillcrest,,0627,,"2021-04-15 16:12:00"
5395260,"Alan / Deb",,,martindaleconsulting@gmail.com,0212221642,"80 Beach Haven Rd",,"Beach Haven",,,"2021-10-06 12:08:13"
11993338,Alan,Aleni,,lenzie82@gmail.com,"022 311 2082","17 Emerson Road, Clover Park",Auckland,,2023,"New Zealand","2026-08-25 16:36:44"
5387103,Alan,Li,,alan.li@mail.com,021295944,"50 Kilimanjaro rd",,Northpark,,,"2021-10-04 15:52:05"
9536227,,,"Alan Milkop-Kerr",,,,,,,,"2024-12-03 22:47:32"
9536228,Alan,Milkop-Kerr,"Alan Milkop-Kerr",Alan_Milkop-Kerr@bnz.co.nz,"022 621 8602","20 Kiwi Road, Point Chevalier",Auckland,,1022,"New Zealand","2024-12-03 22:47:32"
2653136,Alan,Rolston,"Rolston Group",alan@rolstongroup.co.nz,021971294,"42 Shepherds Lane","Flat Bush",,2016,"New Zealand","2019-03-15 06:46:22"
9781087,,,"Alaska Construction + Interiors",,,,,,,,"2025-02-16 10:52:47"
6549163,Alberto,Areias,,ar.areias@gmail.com,"021 241 3610",,,,,,"2025-11-10 14:56:21"
3914958,,,"Alder Homes Ltd",,,,,,,,"2020-06-22 12:31:31"
4268866,alex,,,alexang1@outlook.com,,,,,,,"2020-10-15 11:47:52"
4189653,Alex,Johnson,"Total Advantage Group Ltd
Total Paint",aram@total-paint.co.nz,"021 750 790","Po Box 305 200
Triton Plaza
Auckland",,,0757,,"2020-09-22 09:19:46"
5960268,Alex,Sullivan,,alex@alroundsheetmetals.co.nz,021444403,"80 Arthur Street",Onehunga,Auckland,1061,"New Zealand","2022-03-24 16:03:39"
6652336,Alex,Talma,,Alex.talma01@gmail.com,02102402874,,,,,,"2022-10-06 12:55:30"
5718096,Alex-Sian,Foan,,alexfoan@hotmail.com,021614838,"28b Capilano place",,Glenfield,,,"2022-02-11 10:14:43"
5997254,Alex/Georgina,North,,alexknorth@gmail.com,0212604331,"701 New North Rd",,"Mt Albert",,,"2022-04-04 12:51:00"
2700870,Alexandra,,"BODY CORPORATE ADMINISTRATION",alexandra@bca.co.nz,"09 373 2336 ext: 605","PO Box 2322, Auckland",,,,,"2019-03-29 17:57:30"
11132076,,,"ALIGN GROUP NZ LIMITED",,,,,,,,"2026-01-27 11:20:31"
7769628,,,Alison,,,,,,,,"2023-08-17 17:36:33"
7769629,Alison,,Alison,alicol49@hotmail.co.nz,0210417037,,,,,,"2023-08-17 17:36:33"
8151300,Alistair,Williams,"Deidre Merriott & Alistair Williams",DeidreandAl@gmail.com,02102624620,"5 Elwood Place",Ellerslie,Auckland,1051,"New Zealand","2023-11-30 15:19:56"
3695882,Allain,Walker,,account@walker.net.nz,0211400701,"2/15 Salem Place",,Torbay,,,"2020-04-23 11:28:43"
2174882,Allan,Cameron,,acameron73@gmail.com,0226519689,"11 Rosecamp Rd",,"Beach Haven",,,"2018-08-29 08:27:13"
6382970,,,"Allen Winton",,,,,,,,"2022-07-18 15:54:23"
6382971,Allen,Winton,"Allen Winton",allen.winton05@gmail.com,021879437,,,,,,"2022-07-18 15:54:23"
2902958,Alvin,Singh,,alvin_singh@live.com,0274165393,"1a Courant Place",,Manukau,,,"2019-06-11 14:47:43"
6497880,Alysha,Tolich,Meridian,alysha@meridian.org.nz,"021 824 430",,,,,,"2022-08-18 16:22:06"
2531345,,,Alyssia,,,,,,,,"2019-02-01 17:38:04"
2658736,Alyssia,Atonio,"Dulux New Zealand",alyssia.atonio@dulux.co.nz,"0 21 926165",,,,,,"2019-03-18 15:56:07"
1464211,,,Amanda,,,,,,,,"2017-09-22 16:30:23"
1464212,Amanda,,Amanda,amanda.v.winstone@gmail.com,0277071503,,,,,,"2017-09-22 17:46:42"
2447212,Amber,Raudkivi,"NZ Treatments and Spraying",viva24@slingshot.co.nz,0274944682,"497 Great South Rd,",,Penrose,,,"2018-12-21 14:55:25"
4210479,Amie/Tommy,Maxwell,,amie.maxwell@gmail.com,0278863136,"10b The Grove",,Titrangi,,,"2020-09-28 13:35:34"
1408252,,,Amit,,,,,,,,"2017-08-24 16:15:29"
1408253,Amit,,Amit,amitsingh50@yahoo.co.nz,,,,,,,"2017-08-24 16:15:29"
2315417,Amit,Jador,,amit-jador@live.com,02102344457,"529 Redoubt Rd",,"Flat Bush",,,"2018-10-25 09:39:05"
4378291,Amy/Luke,Meurant,"kitchen studio",amyshoulihan@gmail.com,021410459,"50 Wyoming Ave",,"Murrays Bay",,,"2020-11-18 11:20:33"
2298875,,,"ANCL Investments Limited",,,,,,,,"2018-10-18 12:50:14"
11550400,,,"ANDERSON BUILT & CONSTRUCTED LIMITED",,,,,,,,"2026-05-08 15:57:51"
2076809,Andrea,Fleming,,afleming1@xtra.co.nz,,"20 Lammermoor Dve",,Heliers,,,"2018-07-18 16:24:08"
8773645,Andrea,Manu,,cath.eastwood@refresh.co.nz,,,,,,,"2024-05-20 21:51:51"
4054355,Andrea,Newland,,andyparkernewland@hotmail.com,"027 6883100",,,,,,"2020-08-06 18:43:46"
2113384,Andrea,Rowlands,,andrearowlandsnz@gmail.com,0272241153,"24 Taramea St,",,Avondale,,,"2018-07-31 08:01:43"
5437461,,,"Andres Bedoya",,,,,,,,"2021-10-18 16:42:07"
5437462,"Andres Bedoya",Bedoya,"Andres Bedoya",alfabedoya@hotmail.com,"027 6777701","8A Bundoran Way",Pinehill,Auckland,0632,"New Zealand","2021-10-18 16:42:07"
6363538,Andrew,,,andrew.rathe3@gmail.com,0276142620,,,,,,"2022-07-12 16:20:30"
6731024,Andrew,,,andrew.as@mylandpartners.com,021780055,,,,,,"2022-10-24 17:26:33"
8053907,,,Andrew,,,,,,,,"2023-11-03 13:56:06"
11253472,Andrew,Boast,Ecoflow,andrew@ecoflow.co.nz,"027 284 1131",,,,,,"2026-02-24 09:39:08"
8053908,Andrew,chanpark,Andrew,andrew.chanpark123@gmail.com,021744419,,,,,,"2023-11-08 08:54:44"
10392838,Andrew,Kendall,,andrewkendall5@gmail.com,0220848375,,,,,,"2025-07-17 13:47:51"
6386804,,,"Andrew Ouwerkerk",,,,,,,,"2022-07-19 12:18:06"
6386805,Andrew,Ouwerkerk,"Andrew Ouwerkerk",Andrew@lornieproperty.nz,"021 659 452",,,,,,"2022-07-19 12:18:06"
7037532,Andrew,Quinn,"Quinstruction Ltd",andrew@quinstruction.co.nz,021450199,,,,,,"2023-01-31 13:23:54"
3050014,Andrew,Sweney,,andrew.sweney@gmail.com,021655359,"2/104 Faucett Rd,",,Drury,,,"2019-08-05 12:10:34"
7773883,Andrew,Thomson,"Box™ The Architect Builder",andrew@box.co.nz,0272625509,"Level 1, 1 Jervois Road, Ponsonby",Auckland,,1011,"New Zealand","2024-12-12 07:17:34"
9431260,,,Andy,,,,,,,,"2024-11-06 21:18:29"
9431261,Andy,,Andy,boneandrew82@gmail.com,021729223,"15 Rendall Place, #203, Eden Terrace",Auckland,,1021,"New Zealand","2024-11-06 21:18:29"
6632336,Andy,Baker,"Home Servicing",andy@homeservicing.co.nz,0211944944,,,,,,"2022-09-27 15:36:14"
3753986,andy,ling,,andyling157@hotmail.com,0278860896,,,,,,"2020-04-24 12:58:22"
3961901,Andy,Simpson,,acsimpson@xtra.co.nz,021579962,"351 Tamaki Drive, St Heliers",,,,,"2020-07-07 20:43:14"
4981157,Aneek,Ratnam,,aneekratnam@hotmail.com,0212366661,,,,,,"2021-06-01 15:45:10"
2531346,Anette,Gruipen-Hall,Alyssia,nettegh@hotmail.com,0211203439,"4/23 Holgate Rd",,Kohimarama,,,"2019-02-01 17:38:04"
2285106,Angela,Blainey,,waima.beauty@gmail.com,02108125203,"9 Waima Crescent",,Titirangi,,,"2018-10-12 16:35:15"
4656040,Angela,Haliday,,abhalliday@slingshot.co.nz,021672824,"30 City View Terrace",,Birkenhead,,,"2021-02-25 10:42:04"
4561885,Angela,Hjorring,Oncore,angela.hjorring@oncoreservice.co.nz,"027 204 4127",,,,,,"2022-06-07 14:53:40"
4685183,Angela,Hjorring,,angela.hjorring@oncoreservice.co.nz,0272044127,,,,,,"2021-08-02 14:44:37"
6824898,Angela,Hjorring,"Refresh Renovations",angela.hjorring@refresh.co.nz,"027 204 4127",,,,,,"2023-05-01 15:33:49"
4408924,Angus,Maxwell,,angus@orcon.net.nz,,"18 Ardmore Road",,Ponsonby,,,"2020-11-27 13:11:17"
1961092,Ani,Ruawhare,,aniruawhare@gmail.com,021765435,"5 Marr Rd,",,Manurewa,,,"2018-05-23 16:12:33"
6022941,Anil,Malhotra,,avmalhotra@yahoo.com,021970106,"30 Brigham Young Drive",,Albany,,,"2022-04-11 11:22:15"
6381317,Anita,,,anita.z.azizi@gmail.com,0221295861,,,,,,"2022-07-17 18:06:27"
5017438,Ann,Stanisich,,nenadstanisich@xtra.co.nz,0212303872,"25 Pakira Avenue",,Glendene,,,"2021-06-11 10:05:12"
1319803,Anna,,,anna_hwang@hotmail.com,,,,,,,"2017-07-06 16:13:44"
5028917,,,"Anna Atkinson",,,,,,,,"2021-06-15 18:43:48"
5028918,Anna,Atkinson,"Anna Atkinson",annaatkinsonnz@gmail.com,0274545094,"81 Elmore Road, Paremoremo, Auckland",,,0793,,"2021-06-15 18:43:48"
5943269,Anna,Driffill,,annadriffill@gmail.com,"021 441092",,,,,,"2022-03-20 18:35:39"
2735856,Anna,Harding,,annaharding@me.com,02041593123,"55 Kings Rd",,Panmure,,,"2019-04-11 10:14:07"
2224731,Anna,Hu,"Jason Gibbens",annahu518@gmail.com,021876868,"42 Shelter Drive,",,Greenhithe,,,"2018-09-18 10:59:42"
1410803,,,"Anna Jackson",,,,,,,,"2017-08-25 20:47:47"
1410804,Anna,Jackson,"Anna Jackson",zwelgen@hotmail.com,"021 0433918",,,,,,"2017-08-25 20:47:47"
4581877,Anna,McConnell,,annamcconnell1@gmail.com,0212085910,,,,,,"2021-02-04 15:52:36"
1787341,Anne,Devine,,piehere@gmail.com,"Anne   0212556388","56 Wairere Str",,"The gardens",,,"2018-03-12 18:25:05"
4917523,Anne,Larkin,"kitchen studio",anne.m.larkin@gmail.com,0272078845,"10A Marigold Place",,"Mairangi Bay",,,"2021-05-13 11:43:24"
5445510,Annette,Coker,"Annette Coker",coker@xtra.co.nz,"027 292 2740","22A Tiri Road",Milford,Auckland,0620,"New Zealand","2023-12-18 20:22:56"
8204078,,,"Annette Coker",,,,,,,,"2023-12-18 20:22:56"
1418956,,,"Annika Investments Ltd",,,,,,,,"2017-08-30 19:11:35"
4561918,Anthony,Bayne,"Oncore / Refresh",anthony.bayne@refresh.co.nz,,,,,,,"2021-01-29 11:38:35"
4517332,Anthony,Craig,"Premier BuildersLtd",premierbuildersltd@gmail.com,0212515322,"269 McKenzie Rd RD",,"4 Pukekohe",2679,,"2021-01-15 12:45:48"
7779457,Antonia,Baker,"THE NZ PROPERTY MARKET LIMITED",antonia.baker@thepropertymarket.co.nz,https://thepropertymarket.co.nz/,"571 Te Atatu Road","Te Atatu Peninsula",Auckland,0610,"New Zealand","2023-08-21 15:52:29"
5548010,Antony,"Van Lersel",,smiley4julie@gmail.com,0221620621,"53 Sunset Road","Unsworth Heights",Auckland,0632,"New Zealand","2021-11-19 10:02:44"
7517800,,,"Ants Pereira",,,,,,,,"2023-06-09 07:51:50"
7517801,Ants,Pereira,"Ants Pereira",anthony@pereira.com,"021 026 72715",,,,,,"2023-06-09 07:51:50"
6991710,Anu,Liyanage,,liyan.anu@gmail.com,,"3/136 Mount Wellington Highway, Mount wellington",Auckland,,,,"2023-01-18 14:57:08"
1784815,Anya,Petrova,"Barfoot & Thompson",a.petrova@barfoot.co.nz,0225848117,"7b Arahia Street",,Northcote,,,"2018-03-06 17:00:32"
4790751,Arinder,Singh,"Gold Homes LTD",goldhomesnz@gmail.com,0275391252,"504 Swanson road,",,Ranui,,,"2021-04-08 09:11:36"
1363574,Arjen,Bloem,PBF,arjen@pbf.co.nz,,,,,,,"2017-07-31 21:17:38"
2588707,,,Armesh,,,,,,,,"2019-02-20 18:54:41"
2588708,Armesh,,Armesh,dharmeshprakash@xtra.co.nz,021968951,,,,,,"2019-02-20 18:54:41"
5246300,,,"Arrowsmith Builders LTD",,,,,,,,"2021-08-19 09:03:55"
11720725,,,"ARROWSMITH LIMITED",,,,,,,,"2026-06-22 07:31:15"
2695921,Arshad,Mazharullah,"Kathryn/John Wooley",unigasnz@gmail.com,,"5 Orakei Rd",,Remuera,,,"2019-03-28 09:41:47"
3870012,,,Arthur,,,,,,,,"2020-06-08 07:12:25"
3870013,Arthur,,Arthur,marinebitz@outlook.com,021993262,,,,,,"2020-06-08 07:12:25"
10458134,Ashley,Feng,"Kitchen Studio NS Projects",nsoperations@kitchenstudio.co.nz,,,,,,,"2025-08-04 12:47:15"
7225254,Ashley,fernandes,,ashleyfer@gmail.com,021983792,,,,,,"2023-03-19 14:55:26"
11849068,Ashley,Geddis,,leathleyfam@gmail.com,02102855971,"10A Evan Street, Belmont",Auckland,,0622,"New Zealand","2026-07-20 17:46:16"
11049070,Ashley,Smythe,"Ray White Prioperty Management Limited",raywhiteyoungsrentals@rent-mx.com,"021 659 092","12A Epworth Avenue, Royal Oak",Auckland,,1023,"New Zealand","2026-01-07 13:02:11"
6061541,Ashu,Chandhary,,chnudhary@gmail.com,0211685112,"18A Drome View Place",,"Beach Haven",,,"2022-04-21 16:15:45"
4807572,,,"Aspire Property Management",,,,,,,,"2021-04-12 15:27:09"
5894475,,,"Asset Construction",,,,,,,,"2022-03-09 10:20:47"
5068299,,,"Attune Asset Management",,,,,,,,"2021-06-25 15:05:20"
2064734,,,"Auckland Premium Painters Limited",,,,,,,,"2018-07-07 17:14:17"
2146005,,,"Auckland Property Management",,,,,,,,"2018-08-14 20:45:49"
1445475,,,"Auckland Villa Restorations",,,,,,,,"2017-09-13 17:37:44"
6256018,Aura,Thome,"Prima Projects Ltd",aura.thome@primaprojects.co.nz,"021 084 22321","20A Morgan Street",Newmarket,Auckland,1023,"New Zealand","2022-06-13 11:26:39"
3493456,Awie,Munardi,,munardi_wibowo@yahoo.com,02102996158,"10 Woodberry Drive",,"Flat Bush",,,"2020-01-21 10:19:27"
7840091,,,"BAE Construction LTD",,,,,,,,"2023-09-07 09:14:15"
3923064,,,"Bakers Builds",,,,,,,,"2020-06-24 09:31:32"
1397986,,,"Balachandra Bhat",,,,,,,,"2017-08-18 16:33:54"
1397987,Balachandra,Bhat,"Balachandra Bhat",chandra_nz@xtra.co.nz,,,,,,,"2017-08-18 16:33:54"
1804800,Barbie,Jones,,barbie_jones@hotmail.com,021507095,,,,,,"2018-03-15 08:50:36"
1690325,,,"Barfoot & Thompson",,,,,,,,"2018-01-22 17:07:06"
5878419,,,"Barfoot And Thompson",,,,,,,,"2022-03-04 11:49:33"
1497246,,,Barfoot&Thompson,,,,,,,,"2017-10-06 15:28:11"
6060901,,,"Barneveld Construction",,,,,,,,"2022-04-21 14:58:33"
10506966,,,"Barry and Evelyn Straka",,,,,,,,"2025-08-15 12:56:26"
10506967,"Barry and Evelyn",Straka,"Barry and Evelyn Straka",evstraka@gmail.com,"+64 210 241 8429","52 Rauner Road, Tahekeroa",Warkworth,Auckland,0873,"New Zealand","2025-08-15 12:56:26"
1469917,,,"Barry Hall",,,,,,,,"2017-09-26 20:33:58"
1469918,Barry,Hall,"Barry Hall",b.m.hall@tesco.net,,,,,,,"2017-09-26 20:33:58"
3892950,,,"Bartlett Construction",,021501585,,,,,,"2021-11-11 13:59:00"
2281464,Bayden,Gray,"Fafu Limited",baden@prosper.org.nz,0272446663,"2 Almond Grove",,Greenhithe,,,"2018-10-11 14:44:43"
6844438,,,BCA,,,,,,,,"2022-11-23 14:31:36"
7565389,Becki,Binedell,"Refresh East Auckland",becki.binedell@refresh.co.nz,0223007366,,,,,,"2023-06-21 15:06:28"
4577578,,,"Bedford Homes",,,,,,,,"2021-02-03 16:32:50"
9636966,,,BELLQS,,,,,,,,"2025-01-12 21:27:01"
2107393,Ben,,"Lewis Build",cbbronski@gmail.com,0225394725,,,,,,"2018-07-27 08:51:34"
10273477,Ben,,,ben@bvgroup.co.nz,0225030281,,,,,,"2025-06-17 16:44:51"
1901060,Ben,Lewis,"Lewis Build",ben@lewisbuild.co.nz,0220974578,,,,,,"2022-12-06 17:33:29"
2144200,Ben,Lewis,"Lewis Build",info@lewisbuild.co.nz,0225394785,,,,,,"2022-12-06 17:35:48"
2156379,Ben,Lewis,"Lewis Build",info@lewisbuild.co.nz,0225394725,,,,,,"2022-12-06 17:35:40"
2232283,Ben,Lewis,"Lewis Build",ben@lewisbuild.co.nz,"Lewis Build",,,,,,"2022-12-06 17:35:32"
2426504,Ben,Lewis,"Lewis Build",info@lewisbuild.co.nz,0229354725,,,,,,"2022-12-06 17:35:23"
2523567,Ben,Lewis,"Lewis Build",info@lewisbuild.co.nz,0225394785,,,,,,"2022-12-06 17:35:06"
2539477,Ben,Lewis,"Lewis Build",ben@lewisbuild.co.nz,0220974578,,,,,,"2022-12-06 17:34:59"
2580612,Ben,Lewis,,ben@lewisbuild.co.nz,0220974578,,,,,,"2022-12-06 17:34:50"
2600159,Ben,Lewis,"Lewis Build",info@lewisbuild.co.nz,0225394725,,,,,,"2022-12-06 17:34:38"
2646640,Ben,Lewis,"LEWIS BUILD LIMITED",ben@lewisbuild.co.nz,0220974578,"7/10 Olive Road, Penrose",Auckland,,1061,"New Zealand","2025-06-06 15:56:53"
2731988,Ben,Lewis,"Lewis Build",ben@lewisbuild.co.nz,0220974578,,,,,,"2022-12-06 17:34:13"
2743293,Ben,Lewis,"Lewis Build",info@lewisbuild.co.nz,0225394725,,,,,,"2022-12-06 17:34:00"
2832661,Ben,Lewis,ben@lewisbuild.co.nz,ben@lewisbuild.co.nz,0220974578,,,,,,"2022-12-06 17:33:52"
3383886,Ben,Lewis,"Lewis Build Ltd",ben@lewisbuild.co.nz,0225394725,,,,,,"2022-12-06 17:33:44"
3586293,Ben,Lewis,"Lewis Build",ben@lewisbuild.co.nz,,,,,,,"2020-02-18 14:19:25"
7045439,Ben,Mullane,"Build By Design Renovations",Ben@buildbydesignrenovations.co.nz,,,,,,,"2023-02-02 01:51:20"
7902068,,,"Ben Ryan",,,,,,,,"2023-09-24 23:20:56"
7902069,Ben,Ryan,"Ben Ryan",nz.ben.ryan@gmail.com,"022 618 2266",,,,,,"2023-09-24 23:20:56"
12024542,Ben,Thomas,"Jo and Ben Thomas",ben@mmg.nz,0276933212,,,,,,"2026-09-02 17:18:43"
2646639,,,ben@lewisbuild.co.nz,,,,,,,,"2019-03-13 14:07:55"
5487773,Ben/Emma,Ryan,,nz.ben.ryan@gmail.com,0226182266,"47 Hauraki St",,"4Grey Lynn",,,"2021-11-02 15:11:26"
2116800,Beni,Taufa,,none@gmail.com,0211131358,"67 De Haviland Drive",,"Goodwood Heights",,,"2018-08-01 11:22:05"
4309381,Bernie/Mary,Allen,"kitchen studio",bernie-allen@xtra.co.nz,0274745073,"Georgian Apartments, 2D/8 Sidmouth Street",,"Mairangi Bay",,,"2020-10-28 09:13:43"
9795287,,,Beth,,,,,,,,"2025-02-19 16:47:47"
2971675,Beth,Murphy,,murphycem@gmail.com,0272673137,"15 Water Streuven Dve",,"Conifer Grove",,,"2019-07-05 12:21:21"
2075044,Beth,Phillips,,bethclaudiaphillips@gmail.com,0220282909,"165c Glenfield Ave",,Glenfield,,,"2018-07-12 16:02:23"
8416142,,,betterbuilding.,,,,,,,,"2024-02-22 14:25:19"
10718275,,,Bev,,,,,,,,"2025-10-03 16:55:53"
10718276,Bev,,Bev,bnieuwoudt@xtra.co.nz,"021 586 326","25 Walter Haddrell Crescent, Flat Bush",Auckland,,2016,"New Zealand","2025-10-03 17:04:57"
4689923,Bev,Steward,,beverley.steward@gmail.com,02102505758,"49b Shanaway Rise",,Hillcrest,,,"2021-03-08 15:36:37"
10528810,Beverly,Platt,,bevplatt.platt@gmail.com,021981085,,,,,,"2025-08-21 09:21:23"
7757163,,,"Bhavesh Patel",,,,,,,,"2023-08-15 06:58:36"
7757164,Bhavesh,Patel,"Bhavesh Patel",bhaveshgpatel1993@yahoo.com,0277066215,,,,,,"2023-08-15 06:58:36"
2057001,,,"Big Wave Builders",,,,,,,,"2018-07-06 12:23:30"
11133969,,,"Bill Berry",,,,,,,,"2026-01-27 16:55:45"
11133970,Bill,Berry,"Bill Berry",bill.elsa@xtra.co.nz,021954398,"69A Benson Road, Remuera",Auckland,,1050,"New Zealand","2026-01-27 16:55:45"
11428558,bill,crisp,,willyc@xtra.co.nz,021528522,"1A Walmsley Road, Saint Heliers",Auckland,,1071,"New Zealand","2026-04-08 14:51:38"
1754694,Bill,Henderson,,hendersb@xtra.co.nz,0212804894,"10a Antrim Grove,",,Glenfield,,,"2018-02-21 16:11:14"
2742765,Bill,Reynold,,billandgaylene@hotmail.com,0274380234,"26 Corricvale Way",,Northcross,,,"2019-04-13 13:25:35"
10029697,,,"BILLY BOY IN ACTION LIMITED",,,,,,,,"2025-04-15 08:42:09"
9671473,Billy,Mander,"MANDER BUILDERS LIMITED",mander.builders@gmail.com,"+61 405 622 205",,,,,,"2025-01-21 16:09:39"
5708182,,,"Bindon Construction",,,,,,,,"2022-01-20 15:03:28"
2041155,BJ,Lal,,Dunno@gmail.com,0984633588,"79 Haverstock Rd",,Sandringham,,,"2018-06-29 14:19:23"
3028198,Blair,Lobb,,lobb@hotmail.com,021701856,,,"10 Lingarth Str, Remuera",,,"2019-07-26 14:15:09"
5603317,,,"blockhead ltd",,,,,,,,"2021-12-07 13:23:03"
11428553,,,"Blockhouse Bay Medical Centre",,,,,,,,"2026-04-08 14:51:05"
5638753,,,"BMH HOMES",,,,,,,,"2021-12-20 15:11:17"
3894010,Bob,,Bod,bobt@xtra.co.nz,02102571405,,,,,,"2020-06-15 16:35:32"
8631757,Bob,Home,"wolfbrook Limited",bob@wolfbrook.co.nz,"027 210 4772",,,,,,"2024-04-13 19:31:24"
10937695,,,"Bob McGowan",,,,,,,,"2025-11-26 15:45:00"
10937696,Bob,McGowan,"Bob McGowan",magowan@xtra.co.nz,"021 962 356","7 Omana Beach Road, Maraetai",Auckland,,2018,"New Zealand","2025-11-26 15:45:00"
2284756,Boby,Jose,,bobytrendz@gmail.com,092777967,"21a Phoenix Place",,Papatoetoe,,,"2018-10-12 14:15:00"
3894009,,,Bod,,,,,,,,"2020-06-15 16:35:32"
2700869,,,"BODY CORPORATE ADMINISTRATION",,,,,,,,"2019-03-29 17:57:30"
10356693,Boqi,HAN,"SETTLEWELL LIMITED",Helpusettlewell@gmail.com,"+64 221 757354","39 Kelvin Hart Drive, East Tāmaki",Auckland,,2013,"New Zealand","2025-07-08 22:49:39"
1580541,Bowen,Sun,"Ray White Epsom",bowen.sun@raywhite.com,021389919,,,,,,"2017-11-13 20:03:07"
12132167,,,"BOX BUILD",,,"24 McColl Street, Newmarket",Auckland,,1023,"New Zealand","2026-09-30 16:00:52"
9567278,,,"Box™ The Architect Builder",,,,,,,,"2024-12-12 07:17:34"
5646859,,,"BP Bartlett Construction",,,,,,,,"2021-12-23 13:35:36"
6651021,,,"BP Construction",,,,,,,,"2022-10-02 15:41:31"
2708756,,,"Braden Herman",,,,,,,,"2019-04-02 16:51:15"
2708757,Braden,Herman,"Braden Herman",bherman@outlook.co.nz,021720620,,,,,,"2019-04-02 16:51:15"
7870520,Bradley,GYDE,"MAPLE LEAF CONSTRUCTION LIMITED",mapleleafconstruction21@gmail.com,"020 414 27235","73 Cedar Heights Avenue,","Massey,","Auckland,",0614,"New Zealand","2023-09-15 07:04:14"
5848132,,,"Bradshaw & Hamilton Construction Ltd",,,,,,,,"2022-02-24 09:37:18"
6328717,Brenda,Roberts,,ashbyshane369@gmail.com,02102281403,,,,,,"2022-07-03 18:48:04"
2148587,Brendon,Avery,,brendon@simparts.co.nz,021613877,"498 Redoubt Rd",,"Flat Bush",,,"2018-08-15 15:18:20"
5246301,Brendon,Rhode,"Arrowsmith Builders LTD",brendon@arrowsmithbuilders.co.nz,0278900311,,,,,,"2021-08-19 09:03:55"
2102798,Brendon,Stockman,"The Good Builder",brendon@thegoodbuilder.co.nz,021474180,"109 Brookby Rd, ",,Brookby,,,"2018-07-25 17:28:06"
4705324,Brent,Fisher,"Trust Projects",bf@trustprojects.co.nz,021632373,"PO Box 35898,",,"Browns Bay,",0753,,"2021-03-11 14:25:32"
5193695,Brett,Gerrard,,bmgerrard@gmail.com,021352491,"20 Regina Str",,Westmere,,,"2021-08-03 15:39:04"
9458594,,,"BrettLou Millikin",,,,,,,,"2024-11-13 21:15:22"
7633759,Brian,,Moira,brian@bridon.nz,,,,,,,"2023-07-11 15:51:24"
4032801,Brian,Knight,"Excalibur Building",brian@excaliburbuilding.co.nz,021750321,"7 Rangitane Rd",,Lynnfield,,,"2020-07-30 08:53:55"
1651132,,,"Brian Molloy",,,,,,,,"2017-12-22 17:40:45"
1651133,Brian,Molloy,"Brian Molloy",Bc.molloy@xtra.co.nz,0274585558,,,,,,"2017-12-22 17:40:45"
2695810,Brian,Robinson,"Kathryn/John Wooley",brian@deltawatersolutions.co.nz,,"5 Orakei Rd",,Remuera,,,"2019-03-28 09:06:51"
6641862,"Bridget and Matt",,,bridge.robinson@gmail.com,0275492429,"1-1 Coles ave. Mt Eden",Auckland,,,,"2022-09-29 10:08:44"
2618822,,,"Bridget Purchase",,,,,,,,"2019-03-03 21:21:31"
2618823,Bridget,Purchase,"Bridget Purchase",mandbpurchase@xtra.co.nz,0212392223,,,,,,"2019-03-03 21:21:31"
1905889,,,brooke,,,,,,,,"2018-04-30 19:20:00"
1905890,brooke,,brooke,brooke@wearetenzing.com,0211981777,,,,,,"2018-04-30 19:20:00"
1700661,Bruce,,,bruce@plasteringandservices.co.nz,,,,,,,"2018-01-26 12:12:03"
2083014,Bruce,Barlow,,brucebarlow123@gmail.com,0212106474,"321 Hill Rd","The Gardens",,,,"2018-07-17 09:55:36"
1674905,bruce,hanafay,,brucehanafay@gmail.com,,,,,,,"2018-01-15 09:02:09"
10883034,,,"Bruce Holton",,,,,,,,"2025-11-12 23:43:36"
10883035,Bruce,Holton,"Bruce Holton",bruce.holton@gmail.com,0225910789,"16A Folkestone Street, Murrays Bay",Auckland,,0630,"New Zealand","2025-11-12 23:43:36"
1920918,Bruce,Lu,"Farrys Construction Ltd",stanleyzhounz@hotmail.com,021668792,"143 Newton Road,","Auckland City","Eden Terrace,",,,"2020-09-09 13:56:38"
5033210,Bruce,Lu,"Farrys Construction Ltd",duno@duno.com,021668792,,,,,,"2021-06-16 15:27:06"
2176916,Bruce,Riddolls,,riddolls@outlook.com,0220705634,"Unit 10 - 29a Stephens Ave",,Parnell,,,"2018-08-28 12:32:26"
2522649,,,"Bruce Willingalo",,,,,,,,"2019-01-30 12:17:04"
2522650,Bruce,Willingalo,"Bruce Willingalo",willibrue@gmail.com,0272892066,,,,,,"2019-01-30 12:17:04"
4901847,,,"Bryan Cartelle",,,,,,,,"2021-05-09 11:33:21"
4901848,Bryan,Cartelle,"Bryan Cartelle",cartelle@xtra.co.nz,0274977841,"19 sea view terrace. Cockle bay",,,2014,,"2021-05-09 11:33:21"
3945141,Bryan,Wheatcroft,"Modus Developments",bryan@modusdevelopments.co.nz,0274962129,"86 Marine Parade",,"Mellons Bay",2014,,"2020-07-20 09:52:08"
8526086,"Bryce And Diane",Tecofsky,,bryce.tecofsky@live.com,,,,,,,"2024-03-18 12:24:17"
2117113,Bryce,McDonald,"Nick Parkin",mcensemble@mckedohomes.com,021889457,"7/3 Etherton Drive",,Weymouth,,,"2018-08-02 07:49:28"
7045438,,,"Build By Design Renovations",,,,,,,,"2023-02-02 01:51:20"
1336212,,,Buildcheck,,,,,,,,"2017-07-15 20:10:46"
1451947,,,"Buildup Developments Ltd",,,,,,,,"2017-09-16 11:09:05"
3830739,,,Built,,,,,,,,"2020-05-25 08:32:39"
5497507,,,"Built It",,,,,,,,"2021-11-04 15:56:43"
5781289,Bunny,Cummings,,bunny.cummings@outlook.co.nz,0274999677,"43 Lake Panorama Dr",,Henderson,,,"2022-02-08 15:26:10"
11481272,,,"BURROW PROJECTS LIMITED",,,,,,,,"2026-04-21 19:43:55"
2315802,,,"By Accident",,,,,,,,"2018-10-25 12:00:48"
1735554,,,C.P.Group,,,,,,,,"2018-02-13 08:10:25"
2110604,Cain,Buckley,,cainbuckley@xtra.co.nz,021577141,"20 Virgo Place,",,"Glen Eden",,,"2018-07-30 09:44:31"
1543785,,,Caleb,,,,,,,,"2017-10-25 20:39:30"
1543786,Caleb,,Caleb,caleb.rufer@raywhite.com,02102583304,,,,,,"2018-02-22 07:10:23"
1857125,Caleb,Rufer,"Ray White  (Epsom)",caleb.rufer@raywhite.com,02102583304,"44 Milton Road",,"Mount Eden",,,"2018-04-10 17:30:59"
10902612,,,"Cali Petrie",,,,,,,,"2025-11-18 10:57:07"
10902613,Cali,Petrie,"Cali Petrie",cali.petrie@bayleys.co.nz,"+64 21 536 026",,,,,,"2025-11-18 10:57:07"
5722626,Callum,Pirie,Meridian,callum@meridian.org.nz,02108165416,"18 Parity Place,",,"Glenfield, North Shore",,,"2022-03-11 13:40:05"
5959649,Callum,Pirie,Meridian,callum@meridian.org.nz,"021 081 65416","18 Parity Place",,Glenfield,0627,,"2022-03-24 13:58:46"
1958098,Callum,Sherridan,"CJS Construction",callum@cjsconstruction.co.nz,02108182014,"42 Quebec Rd",,Milford,,,"2018-05-22 17:18:18"
2707500,,,Cameron,,,,,,,,"2019-04-02 09:54:50"
6461639,Cameron,Evans,"CE CONSTRUCTION LTD",cam@ceconstruction.co.nz,021878318,,,,,,"2022-08-09 06:09:49"
6044748,Cameron,Holm,"Create Renovations",sales@createrenovations.co.nz,0273336700,"41 Clyde road Browns Bay","Browns Bay","Auckland,",0630,"New Zealand","2022-04-19 06:54:08"
8334275,Cameron,Luangrath,"Premium Plastering",Premiumplasterers@gmail.com,0210588944,,,,,,"2024-02-02 17:42:35"
4008940,Cameron,Nicholas,,cam@twenty.co.nz,021769117,"2/29 Pitt Street",,"Auckland CBD,",,,"2020-07-22 17:58:33"
7179033,Candice,Bundy,,candice.bundy@ymail.com,0212133336,,,,,,"2023-03-09 07:18:14"
4025274,Cara,Whittaker,,whittakercara@gmail.com,0211823121,"61 kauri road",,"Stanmore Bay",,,"2020-07-28 12:48:08"
11786327,,,"Care of : Aleen Melissa",,,,,,,,"2026-07-08 15:30:40"
1881200,Carmen,Brown,,carmen@pactranz.com,0221555487,"174 Landscape Rd",,"Mt Eden",,,"2018-04-19 19:54:37"
2691441,,,"Carmen Fitzi - Gordon",,,,,,,,"2019-03-27 08:07:11"
2691442,Carmen,"Fitzi - Gordon","Carmen Fitzi - Gordon",c_and_ian@xtra.co.nz,0212400041,,,,,,"2019-03-27 08:07:11"
3985852,Caroline,Rakich,,carorakich@gmail.com,"021 832 679","311 Waitakere Road",,Taupaki,,,"2020-07-15 14:37:11"
8592815,,,"Caroline Scott",,,,,,,,"2024-04-04 23:46:53"
8592816,Caroline,Scott,"Caroline Scott",scottfamilyfive@gmail.com,0212592307,,,,,,"2024-04-04 23:46:53"
5763040,Caroline/David,Parker,"kitchen studio",Caroline.p0509@gmail.com,0274195633,"13 Sylvia Road",,Hillcrest,,,"2022-02-04 14:21:44"
2646678,,,carrgroup,,,,,,,,"2019-03-13 14:20:59"
3362480,,,"Carruth Investment Ltd",,,,,,,,"2019-11-22 13:45:16"
10278817,,,"Carson Scott",,,,,,,,"2025-06-18 15:00:54"
10278818,Carson,Scott,"Carson Scott",carsoncharlesscott@gmail.com,0213233057,"5/120 St Johns Road, Saint Johns",Auckland,,1072,"New Zealand","2025-06-18 15:00:54"
10293021,Carson,Scott,"Carson Scott",carsoncharlesscott@gmail.com,0273233057,"5/120 St Johns Road, Saint Johns",Auckland,,1072,"New Zealand","2025-06-22 21:51:16"
9034715,Cary,,,carymack@proton.me,02041798380,"2/135 Verbena Road, Birkdale",Auckland,,0626,"New Zealand","2024-07-29 21:04:08"
6520563,,,"Cassie Ormand",,,,,,,,"2022-08-25 04:52:33"
6520564,Cassie,Ormand,"Cassie Ormand",cassieopia79@yahoo.co.uk,"022 395 8497","40 Warwick Avenue",Westmere,Auckland,1022,"New Zealand","2022-08-25 04:52:33"
6060496,,,"Catalyst Group",,,,,,,,"2022-04-21 13:13:14"
5515577,Cath,Eastwood,"Refresh - West Auckland",cath.eastwood@refresh.co.nz,0211560602,,,,,,"2021-11-10 11:30:47"
11076639,Cath,Shanagan,,cathshanaghan@yahoo.com,"027 4523 569","4 Aumoe Avenue, Saint Heliers",Auckland,,1071,"New Zealand","2026-01-14 10:50:55"
6564753,,,Catherine,,,,,,,,"2022-09-07 14:04:34"
6564754,Catherine,,Catherine,ccha243@gmail.com,0212935506,"15A Ambury Ave. Royal Oak",Auckland,,,,"2022-09-07 14:04:34"
4138195,Catherine,Thorpe,,caththorpe@googlemail.com,0212802623,"29 Norwood Rd",,Bayswater,,,"2020-09-04 13:08:17"
3918620,Catherine/Mark,Woodward,"kitchen studio",woodw@xtra.co.nz,"027 327 0868","1D/8 SIDMOUTH STREET",,"MAIRANGI BAY",,,"2020-06-23 13:28:40"
4073979,Cathryn,Hampson,"Cathryn Hampson",cathryn.hampson@icloud.com,0297779055,"17 Pounamu Place",,"Shelly Park",,,"2020-08-14 12:34:52"
4076946,,,"Cathryn Hampson",,,,,,,,"2020-08-14 12:34:52"
6461638,,,"CE CONSTRUCTION LTD",,,,,,,,"2022-08-09 06:09:49"
1706038,Chadley,Adams,,chadley&faith@gmail.com,0210332543,"13 Sandpiper Grove",,"Unsworth Heights",,,"2018-01-30 11:11:26"
1708749,Chadley,Adams,,chadleyandfaith@gmail.com,0211477715,"13 Sandpiper Grove",,"Unsworth Heights",,,"2018-01-31 07:59:29"
11882271,Charles,,,charles@r101counselling.com,"+64 21 568 170",,,,,,"2026-07-28 21:49:54"
2773222,,,"Charles de Vilder",,,,,,,,"2019-04-26 19:07:04"
2773223,Charles,"de Vilder","Charles de Vilder",cddevilder@gmail.com,,,,,,,"2019-04-26 19:07:04"
3226968,Charlie,Lawry,"Trendz Fireplaces",charlie@trendzoutdoors.co.nz,,"40 Ocean View Parade",,"New Plymouth",,,"2019-10-07 09:33:17"
9775231,Charlotte,Edwards,,charlotte.cockerill@live.com,021464646,"25A Barron Drive, Green Bay",Auckland,,0604,"New Zealand","2025-02-14 08:23:01"
3473937,,,"Charlotte Sayes",,,,,,,,"2020-01-14 17:41:21"
3473938,Charlotte,Sayes,"Charlotte Sayes",charlottesayes@gmail.com,0212017284,,,,,,"2020-01-14 17:41:21"
3120072,Charmaine,,"Lewis Build",info@lewisbuild.co.nz,,,,,,,"2024-11-12 15:52:48"
3219867,Cherrie,Zhangwei,,zhangweicnz@hotmail.com,0210603638,"51 Attwood Rd",,Paremoremo,,,"2019-10-03 13:43:31"
5946017,chert,,,chertallies4@gmail.com,0275662027,,,,,,"2022-03-21 20:26:48"
6702600,,,Cheryl,,,,,,,,"2022-10-15 09:32:14"
6702601,Cheryl,,Cheryl,cheryl.price598@gmail.com,0277334311,,,,,,"2022-10-15 09:32:14"
6755769,cheryl,,,cheryl.price598@gmail.com,0277334311,,,,,,"2022-10-28 15:08:32"
5224778,"Cheryl / Simon",Chew,"kitchen studio",cherylcms@gmail.com,02102752501,"36 Emlyn Place",,Torbay,,,"2021-08-12 13:36:54"
11696724,Cherylyn,,,nsfs@xtra.co.nz,0274486040,"3 Brown Street, Hauraki",Auckland,,0622,"New Zealand","2026-06-15 20:20:54"
1555645,,,Chetan,,,,,,,,"2017-10-31 18:45:52"
1555646,Chetan,,Chetan,Chetanmongia@gmail.com,02108763205,,,,,,"2017-10-31 18:45:52"
4012908,Chiko,Smythe,,pinknotokage@gmail.com,021980520,"is 3-22 Gladstone Road",,Parnell,,,"2020-07-30 09:36:16"
7273056,Chris,Abdon,,tu2pel@xtra.co.nz,0274213633,,,,,,"2023-03-31 05:25:42"
7374512,,,"Chris and Ann Jonassen",,,,,,,,"2023-05-01 17:10:10"
7374513,"Chris and Ann",Jonassen,"Chris and Ann Jonassen",chris@jipl.co.nz,021988453,,,,,,"2023-05-01 17:10:10"
10780615,"Chris and Marilyn",Guilliver,"kitchen studio",candmgulliver@gmail.com,0274990023,"45 Park Rise, Campbells Bay",Auckland,,0630,"New Zealand","2025-10-19 17:55:54"
10036516,"Chris Dickey","Chris Dickey","Gilt Edge Industries Ltd",Chris.Dickey@giltedge.co.nz,"0274 355 891","21A Tirotai Crescent, Westmere",Auckland,,1022,"New Zealand","2025-04-16 13:41:29"
7196660,Chris,Goldie,,Cgoldie70@gmail.com,021303466,,,,,,"2023-03-13 16:37:37"
6608797,Chris,Hancock,,cjhancock@xtra.co.nz,021934294,,,,,,"2022-09-20 10:39:23"
6169068,Chris,Marsh,"Elevate Projects",chris@elevateprojects.co.nz,021524747,,,,,,"2022-09-08 06:10:53"
9490846,,,"Chris Mattews",,,,,,,,"2024-11-21 08:51:16"
9490847,Chris,Mattews,"Chris Mattews",Chris@chrismatthews.co.nz,0212327427,"5 Ngataringa Road, Devonport",Auckland,,0624,"New Zealand","2024-11-21 09:46:07"
2407565,Chris,Middledich,"Super Build",chris@superbuild.co.nz,021724334,"22 Regent Street",,Papatoetoe,,,"2019-01-23 09:53:01"
2407567,Chris,Middledich,,sbaaccounts@superbuild.co.nz,,,,,,,"2019-01-11 09:13:11"
3615444,Chris,Pearson,,chris@chrispearson.co.nz,0272927787,,,,,,"2020-02-26 21:29:23"
12067605,Chris,Penny,,Chris_penney@outlook.com,0274763073,"17 Wiseley Road, Hobsonville",Auckland,,0618,"New Zealand","2026-09-14 16:49:12"
8426211,,,"Chris Twyman",,,,,,,,"2024-02-25 22:14:26"
8426212,Chris,Twyman,"Chris Twyman",chris@handyco.co.nz,021963487,,,,,,"2024-02-25 22:14:26"
8576047,,,"Chris Western",,,,,,,,"2024-04-01 15:11:49"
8576048,Chris,Western,"Chris Western",oakriver88@icloud.com,021915354,"7 Elizabeth Place","Mairangi Bay",Auckland,0630,"New Zealand","2024-04-01 15:11:49"
6595943,Christine,,,chrissiewestern@gmail.com,0212737660,"4 Alfred St Northcote Point",,,,,"2022-09-15 16:18:42"
7992431,"Christine and Angus",McDonald,,mcdonalds.ach@gmail.com,,,,,,,"2023-10-18 14:54:37"
2316911,,,"Christine Gurr",,,,,,,,"2018-10-25 18:36:49"
2316912,Christine,Gurr,"Christine Gurr",c_gurr@hotmail.com,021882755,,,,,,"2018-10-25 18:36:49"
6497597,,,"Christine Pardy - Comber",,,,,,,,"2022-08-18 15:16:24"
6497598,Christine,"Pardy - Comber","Christine Pardy - Comber",chris.don@xtra.co.nz,0211137612,"19A Walter Street",Hauraki,Auckland,0622,"New Zealand","2022-08-18 15:16:24"
11690005,Christine,Scott,,christine.s1@xtra.co.nz,0211920298,"9 Cliff Road, Torbay",Auckland,,0630,"New Zealand","2026-06-12 17:23:34"
7904200,,,"Christopher Duncan",,,,,,,,"2023-09-25 20:04:19"
7904201,Christopher,Duncan,"Christopher Duncan",dr.c.duncan@googlemail.com,0273909909,,,,,,"2023-09-25 20:04:19"
1958097,,,"CJS Construction",,,,,,,,"2018-05-22 17:18:18"
6929094,,,"Claire Holloway",,,,,,,,"2022-12-22 15:17:02"
6929095,Claire,Holloway,"Claire Holloway",Claireandmichaelholloway@xtra.co.nz,021930335,,,,,,"2022-12-22 15:17:02"
7252215,,,"Clare Upton",,,,,,,,"2023-03-26 07:06:43"
7252216,Clare,Upton,"Clare Upton",clare.upton27@gmail.com,021771404,,,,,,"2023-03-26 07:06:43"
2680659,,,"Clever Living Co",,,,,,,,"2019-03-23 11:53:45"
4021374,Cliff,Halliday,"Shore Spark",cliff@shorespark.co.nz,021325497,,,,,,"2020-07-27 13:53:59"
2565186,Clint,Gore,"Down To Earth Electrical Services",clint@dte.kiwi.nz,0277797777,"75 Beachlands Rd,",,Beachlands,,,"2019-02-13 13:44:17"
4666514,Clive,Pedersen,,pinballnz@gmail.com,0274710090,"21a Westerham Drive, Dannemora",Auckland,,2016,,"2021-03-01 15:47:07"
5998054,,,"CML Construction",,,,,,,,"2022-04-04 15:31:57"
1842719,,,"CN BUILDING & MAINTENANCE LIMITED",,,,,,,,"2018-04-03 19:48:24"
6027613,,,"Coast to Coast Painters Ltd",,,,,,,,"2022-04-12 08:42:55"
4994883,,,"Coastal Builders",,,,,,,,"2021-06-04 14:36:40"
4994903,,,"Coastal NZ Builders LTD",,,,,,,,"2021-06-04 14:40:05"
5807462,Cody,Zhao,,zhaocody@gmail.com,02102208385,,,,,,"2022-02-15 09:21:13"
2347043,,,"Coimex International LTD",,,,,,,,"2018-11-07 09:03:50"
6014061,,,"Coles Scaffolding",,,,,,,,"2022-04-07 16:28:34"
3017117,Colin,Wilding,"Fall Pac (NZ) LTD",colinwilding@fall-pac.co.nz,,,,,,,"2019-07-23 12:25:59"
6788037,Colinm,,,Colinmckay@wilsonmckay.co.nz,,,,,,,"2022-11-08 04:53:00"
2295832,,,"Complete Bathrooms Group NZ LTD",,,,,,,,"2018-10-17 13:47:59"
2994357,,,"Complete Building Works",,,,,,,,"2019-07-15 15:33:43"
2347499,,,"Concept Carpentry LTD",,,,,,,,"2018-11-08 09:36:18"
1842786,,,"Concrete Plus Ltd",,,,,,,,"2018-04-03 20:21:12"
3559217,,,"Construct Interiors",,,,,,,,"2020-02-10 12:22:12"
4322721,,,"CONSTRUCTION INC",,,,,,,,"2020-11-01 19:14:10"
2360658,,,"Core Collective - Elite Performance Pilates",,,,,,,,"2018-11-13 09:39:42"
10415867,,,"CORE DIVISION LIMITED",,,,,,,,"2025-07-23 17:09:07"
7126494,Corrina,,,Shewfamilynz@gmail.com,0211148422,,,,,,"2023-02-22 18:33:07"
2142284,Craig,,,craig@reliantgroup.co.nz,,,,,,,"2018-08-13 17:28:42"
2569453,,,Craig,,,,,,,,"2019-02-14 15:15:29"
2569454,Craig,,Craig,craigdrobertson@outlook.com,0278010853,,,,,,"2019-02-14 15:15:29"
4245169,Craig,Brooks,,cbbronski@gmail.com,,"61 Settlement Rd",,Papakura,,,"2020-10-08 09:37:59"
6656850,Craig,Clark,,craig63nz@yahoo.co.nz,02102478476,,,,,,"2022-10-04 15:45:59"
3320374,Craig,Finnemore,,3finnies@gmail.com,021668827,"123 Bleakhouse Rd,",,"Mellons Bay",,,"2019-11-08 08:35:42"
11132077,CRAIG,JAKEMAN,"ALIGN GROUP NZ LIMITED",craig@align.nz,"021 08 111 656","38 Ashley Place, Papamoa Beach
Unit 38",Papamoa,"Bay of Plenty",3118,"New Zealand","2026-01-27 11:20:31"
11141055,Craig,KEMP,"FALCON PROJECTS LIMITED",craig@falconprojects.co.nz,"+64 2128 55804","9 First View Avenue, Beachlands",Auckland,,2018,"New Zealand","2026-01-28 22:47:25"
3802891,Craig,Nuttall,"Trendz Fireplaces",craig@posterworx.co.nz,021359951,"175 O' Brien Rd",,"Lucas Heights",,,"2020-05-14 17:10:17"
11270547,Craig,Shorrock,"Stroud Homes Auckland South",craig.shorrock@stroudhomes.co.nz,0274394356,"122 Monument Road",Clevedon,Auckland,2582,"New Zealand","2026-02-27 07:13:11"
1759874,,,"Create Renovations",,,,,,,,"2018-02-22 20:43:44"
2840248,Crista,Macualay,,christamacaulay@gmail.com,0212244990,"18 Ashbury Crescent",,"Campbells Bay",,,"2019-05-21 10:26:51"
11724835,Crystal,,"Farrys Construction Ltd",Crystal@farrysconstruction.co.nz,,,,,,,"2026-06-22 22:32:32"
3306016,,,"CSR Building Products (NZ) Ltd",,,,,,,,"2019-11-04 16:01:37"
1362351,Cullen,Petford,,topjobpainters@xtra.co.nz,,,,,,,"2017-07-31 09:37:46"
10477076,,,"Curtis McNaughton",,,,,,,,"2025-08-07 23:17:13"
10477077,"Curtis McNaughton","Curtis McNaughton","Curtis McNaughton",curtis@banjogroup.co.nz,021950550,,,,,,"2025-08-07 23:17:13"
6608541,,,"Custom P.M.",,,,,,,,"2022-09-20 09:31:57"
5623738,"Cw Developments 2022 ltd",,"Cw Developments 2022 ltd",cbbronski@outlook.com,02209745578,,,,,,"2022-06-26 22:46:53"
6305333,,,"Cw Developments 2022 ltd",,,,,,,,"2022-06-26 22:45:36"
2624000,,,"D & E Lieskounig Partnership",,,,,,,,"2019-03-05 17:01:04"
4639360,,,"Dale Morris",,,,,,,,"2021-02-20 14:18:15"
4639361,Dale,Morris,"Dale Morris",dale_mmorris@hotmail.com,021755256,"89 Rame Road, Greenhithe, Auckland",,,0632,,"2021-02-20 14:18:15"
8854178,,,"Dalma Ltd",,,,,,,,"2024-06-11 15:48:18"
7378023,Damian,Stanisich,,damianstanisich@gmail.com,0211076362,,,,,,"2023-05-02 16:09:33"
2639685,,,"Damien Murray",,,,,,,,"2019-03-11 19:00:56"
2639686,Damien,Murray,"Damien Murray",damien@tiledepot.co.nz,0275174352,,,,,,"2019-03-11 19:00:56"
5224635,"Damon / Eva",EDWARDS,,edwards_eva@hotmail.com,0210659395,"33 Waverley Avenue",,Glenfield,,,"2021-08-12 12:55:56"
11175488,Dan,Mulvagh,,danmulvagh@mail.com,"021 248 3588","13 Kinnard Lane, Tōtara Park",Auckland,,2019,"New Zealand","2026-02-05 14:02:41"
1842787,Dana,Stiles,"Concrete Plus Ltd",dana@concreteplus.co.nz,021532219,,,,,,"2018-04-03 20:21:12"
2858869,Dane,Scott,,dane.scott@icloud.com,0274083823,"955 Beach Rd,",,Torbay,,,"2019-05-31 08:28:59"
6123003,Daneka,,"Daneka / Graham",daneka.graham@outlook.com,0212777939,,,,,,"2022-05-10 10:58:18"
6123002,,,"Daneka / Graham",,,,,,,,"2022-05-09 11:51:57"
4869703,Daniel,,"Power Painters",dan@powerpainters.co.nz,0226799814,,,,,,"2021-04-29 19:41:32"
5878941,Daniel,Bailey,"BP Bartlett Construction",daniel@bartcon.co.nz,"09 263 8872",,,,,,"2022-03-04 13:40:02"
2994358,Daniel,Barrett,"Complete Building Works",dancbw@gmail.com,021474002,,,,,,"2019-07-15 15:33:43"
2057002,Daniel,Glasgow,"Big Wave Builders",bigwavelegend@yahoo.com,021998494,"274 Glenmore Rd",,Coatsville,,,"2018-07-06 12:23:30"
2090481,Daniel,Glasgow,"Big Wave Builders",bigwavelegend@yahoo.com,021998494,"30 Pauwai Place",,Northcote,,,"2018-07-19 15:54:21"
2101738,Daniel,Glasgow,"Big Wave Builders",bigwavelegend@yahoo.com,021998494,"26 LOCHIEL ROAD",,REMUERA,,,"2018-07-25 10:41:31"
2102242,Daniel,Glasgow,"Big Wave Builders",bigwavelegend@yahoo.com,021998494,"26 LOCHIEL ROAD",,REMUERA,,,"2018-07-25 14:02:41"
2147548,Daniel,Glasgow,"Big Wave Builders",bigwavelegend@yahoo.com,021998494,"274 Glenmore Rd",,Coatsville,,,"2018-08-15 08:59:33"
7225240,Daniel,Hutton,"TINY HOME HQ",dan@tinyhomehq.co.nz,"027 674 8887","48 Munroe Road, Ranui",Auckland,,0612,"New Zealand","2026-05-16 07:57:36"
10328925,,,"Daniel Medini",,,,,,,,"2025-07-01 21:34:48"
10328926,Daniel,Medini,"Daniel Medini",daniel.medini@gmail.com,"+64 27 356 9167","Unit 18 / 81 Vermont Street, Ponsonby",Auckland,,1011,"New Zealand","2025-07-01 21:34:48"
8416143,Daniel,Park,betterbuilding.,info@betterbuilding.co.nz,,,,,,,"2024-02-22 14:25:19"
3453743,,,"Daniel Wist",,,,,,,,"2020-01-07 16:14:35"
3453744,Daniel,Wist,"Daniel Wist",d_wisty@hotmail.com,0212372968,,,,,,"2020-01-07 16:14:35"
1349970,Danny,,,info@magicbrushpainters.co.nz,,,,,,,"2017-07-24 07:53:53"
2064735,Danny,,"Auckland Premium Painters Limited",info@aucklandpremiumpainters.co.nz,0212534747,,,,,,"2018-07-07 17:14:17"
6033035,,,Danny,,,,,,,,"2022-04-13 10:10:34"
6033036,Danny,,Danny,danny.gelb@mediate.co.nz,021771919,,,,,,"2022-04-14 06:32:33"
10305865,Dara,,,dara_clayton@xtra.co.nz,021320346,,,,,,"2025-06-25 15:38:25"
2304679,Darko,Nastevski,,darko_nastevski@hotmail.com,0212465245,"38 Amante Crescent,",,"Mairangi Bay",,,"2018-10-20 09:36:39"
6788194,,,"Darron Jackson",,,,,,,,"2022-11-08 05:38:19"
6788195,Darron,Jackson,"Darron Jackson",djjackson1122@gmail.com,021641417,,,,,,"2022-11-08 05:38:19"
1412049,,,Darryl,,,,,,,,"2017-08-27 09:54:45"
1412050,Darryl,,Darryl,sstutt@xtra.co.nz,,,,,,,"2017-08-27 09:54:45"
1727208,Darryl,Jacob-Brack,,lin.saur@greatpotentials.org.nz,0274190219,"14 Bellville Drive",,"Clendon Park",,,"2018-02-08 16:00:55"
1731908,Darryl,Jacob-Brack,,lin.sauer@greatpotentials.org.nz,0274190219,"40 Bellville Drive","Clendon Park",,,,"2018-02-10 12:40:48"
1448331,Darryl,Skilling,"The Sign formula",darryl@signformula.co.nz,,,,,,,"2017-09-14 19:13:51"
4561439,,,"Daughter - Helen",,,,,,,,"2021-01-29 09:23:23"
1332597,dave,,PBF,dave@pbf.co.nz,"021 842-140","PO Box 301-429","North Shore",Auckland,1057,,"2018-01-24 22:26:40"
2348056,Dave,,PBF,dave@pbf.co.nz,021842140,,,,,,"2018-11-13 11:47:35"
8628373,Dave,,,Evkadave@xtra.co.nz,0211055638,,,,,,"2024-04-12 15:39:25"
6433857,"Dave & Janet",Lewis,,d_a_lewis37@hotmail.com,0211129234,"125 Carlisle Road",Northcross,Auckland,0632,"New Zealand","2022-08-03 19:33:19"
2095900,Dave,Harrington,,dawharrington@gmail.com,021815339,,,,,,"2018-07-23 12:14:01"
1870766,Dave,Hartmann,"Hartmann Builders LTD",hartmannbuilders@gmail.com,0211682741,"84 Fowlds Ave",,Sandringham,,,"2018-04-16 07:47:41"
3943911,Dave,Nicholson,,dave.nicholson.dn@gmail.com,021998858,"23B Beach Road",,"Castor Bay",,,"2020-07-01 10:08:08"
1865517,Dave,Roberts,,dave.j.roberts@hotmail.com,02102065866,"8 Highgate Place",,Sommerville,,,"2018-04-16 14:37:45"
6030246,,,"Dave Waddell",,,,,,,,"2022-04-12 19:58:25"
6030247,Dave,Waddell,"Dave Waddell",yes.thankyou@outlook.com,021425257,,,,,,"2022-04-12 19:58:25"
1398078,,,David,,,,,,,,"2017-08-18 17:36:43"
1398079,David,,David,massagefortoday@gmail.com,,,,,,,"2017-08-18 17:36:43"
11466076,,,"David Allan",,,,,,,,"2026-04-17 07:03:43"
11466077,"David Allan",Allan,"David Allan",daveallan186@outlook.com,021712416,"15 Ellerton Road, Mount Eden",Auckland,,1024,"New Zealand","2026-04-17 07:03:43"
4497732,,,"David and Susan",,,,,,,,"2021-01-09 12:48:56"
5785538,David,Chen,ZYJ,david.chen@zyj.co.nz,0277188199,"Suite E, Building E, 42 Tawa Drive",,Albany,,,"2022-02-09 07:47:15"
4497733,David,Franklin,"David and Susan",davidandsusan1@xtra.co.nz,0211819527,"67 Marlborough Avenue",Glenfield,Auckland,0629,,"2021-01-11 15:05:37"
2556884,David,Gollop,,gollopd@gmail.com,021811020,"20 Abbots Way",,Ellerslie,,,"2019-02-11 12:34:30"
10288843,,,"David Hand",,,,,,,,"2025-06-20 15:11:07"
10288844,David,Hand,"David Hand",parnelli69@gmail.com,0226280053,"12 Cockle Bay Road, Cockle Bay",Auckland,,2014,"New Zealand","2025-06-28 13:23:47"
2697331,David,Hsu,,davidak7079@gmail.com,0210467008,"13 Langstone Place",,Chatswood,,,"2019-04-03 09:46:47"
2254932,David,Javad,"NZ Treatments and Spraying",davidjavad@gmail.com,02105266323,"34 Milan Dve,",,"Glen Eden",,,"2018-10-01 16:21:33"
4420428,David,Lai,,lai.nz@yahoo.com,02102580666,"4 Fowler Avenue",,"Mount Albert",,,"2020-12-02 11:21:06"
11155110,,,"David Llewellin",,,,,,,,"2026-02-01 13:11:04"
11155111,David,Llewellin,"David Llewellin",dcllewellin@gmail.com,0223877068,,,,,,"2026-02-01 13:11:04"
8665132,David,McGinley,"Gravity Projects",gravityprojects@outlook.co.nz,0212528099,,,,,,"2024-04-23 08:23:49"
4081699,David,Moore,,david@dmstudio.co.nz,0274957900,"17b Lyttelton Ave",,"Forrest Hill",,,"2020-08-17 15:01:06"
6003113,David,Muller,,dmullernz@mail.com,021576704,"9 Ashwill Street",,Kohimarama,,,"2022-04-07 14:43:10"
1416616,David,Poppelwell,"David Poppelwell",david.poppelwell@xtra.co.nz,0274586596,,,,,,"2017-08-29 20:33:57"
1416669,,,"David Poppelwell",,,,,,,,"2017-08-29 20:33:57"
1978229,David,Shang,,davidshang555@gmail.com,0211004687,"81 Haverstock Rd",,Sandringham,,,"2018-05-31 19:14:07"
2029801,David,Shang,,davidshang555@gmail.com,0211004687,"18 Sutherland Rd,",,"Mt Albert",,,"2018-06-25 16:51:40"
9096370,,,"David Thompson",,,,,,,,"2024-08-14 16:46:11"
9096371,David,Thompson,"David Thompson",david.b.thompson93@gmail.com,0212456979,"1/9A Kitewao Street, #1, Northcote",Auckland,,0627,"New Zealand","2024-08-14 16:46:11"
3774941,David,Woolston,"Foreshore Build Ltd",foreshorebuild@outlook.com,021830041,,,,,,"2020-05-04 16:03:11"
5557246,David,Yan,,davidy321@hotmail.com,02102517453,"83 Kelmarna Ave",,Ponsonby,,,"2021-11-22 15:22:37"
1416615,,,"Davis Poppelwell",,,,,,,,"2017-08-29 20:01:22"
9818092,,,"Dawn Wong",,,,,,,,"2025-02-25 07:01:27"
9818093,Dawn,Wong,"Dawn Wong",dawnstan67@gmail.com,"027 627 5596",,,,,,"2025-02-25 07:01:27"
4572949,Daying,,"Daying And Jing",dayingwen@gmail.com,021305965,"12 Moycullien Lane, East Tamaki Heights, Auckland",,,2016,,"2021-02-02 17:09:59"
4572948,,,"Daying And Jing",,,,,,,,"2021-02-02 17:09:59"
1690188,Dayle,,"Dependable Property Management Ltd",office@dpm.rentals,0220470480,"88 Exmouth Road,",,Northcote,,,"2018-01-22 16:02:45"
11550401,Dayne,Anderson,"ANDERSON BUILT & CONSTRUCTED LIMITED",dayne@andersonbuilt.co.nz,"+64 27 922 3522","37 Cooper Street, Grey Lynn",Auckland,,1021,"New Zealand","2026-05-08 15:57:51"
1921086,Dean,Blackwood,"Dulux New Zealand",dean.blackwood@dulux.co.nz,,"348 New North Road",Kingsland,Auckland,1021,,"2018-05-07 19:21:38"
2627091,Dean,Blackwood,Dulux,dean.blackwood@dulux.co.nz,,"348 New North Road",,Kingsland,1021,,"2019-03-06 12:40:38"
3207836,,,"Dean Crowle",,,,,,,,"2019-09-29 13:29:29"
3207837,Dean,Crowle,"Dean Crowle",deancrowle@gmail.com,021428601,,,,,,"2019-09-29 13:29:29"
6102995,Dean,James,,deanjeanette@xtra.co.nz,0274404535,"40a Quebec Rd",,Milford,,,"2022-05-03 13:26:56"
3859138,Deanna,Pearton,,deanna.pearton@gmail.com,021376654,"28 Tasman Ave",,"Mt Albert",,,"2020-06-03 18:16:54"
5417209,Debbie,,,watson.deb74@gmail.com,021664637,,,,,,"2021-10-12 11:23:50"
1325066,Debbie,Gascoigne,"Property Investment Manager",dgascoigne.henderson@ljh.co.nz,0273864614,"403 Great North Road",,,,,"2017-07-10 17:29:14"
5864701,Debbie,Jonas,,deblee57@gmail.com,0210409010,"24 Martin Crescent",,Northcote,,,"2022-03-01 15:27:36"
3843130,,,"Debbie Middleton",,,,,,,,"2020-05-28 15:53:37"
3843131,Debbie,Middleton,"Debbie Middleton",debz325@hotmail.com,"027 772 4223",,,,,,"2020-05-28 15:53:37"
9623703,,,"debbie vernon",,,,,,,,"2025-01-08 15:47:01"
9623704,Debbie,Vernon,"debbie vernon",debbievernon02@gmail.com,,,,,,,"2025-01-08 15:47:01"
6431412,Debby,Lewis,,deblew99@gmail.com,0274801403,,,,,,"2022-08-01 17:30:12"
6539596,,,"Deborah Hussey",,,,,,,,"2022-08-31 06:19:40"
6539597,Deborah,Hussey,"Deborah Hussey",deborah.hussey@xtra.co.nz,0272348319,,,,,,"2022-08-31 06:19:40"
8151299,,,"Deidre Merriott & Alistair Williams",,,,,,,,"2023-11-30 15:19:56"
4807573,Delyse,Gibson,"Aspire Property Management",delyse@aspireproperty.co.nz,021880731,"32 Anzac Street",,Takapuna,,,"2021-04-12 15:52:57"
6103709,,,"Denis Odlin",,,,,,,,"2022-05-03 16:23:34"
6103710,Denis,Odlin,"Denis Odlin",dodlin@gmail.com,0277769320,"1/18 Waratah Street",Birkenhead,Auckland,0626,"New Zealand","2022-05-03 16:23:34"
10043297,Dennis,,,dennispalmenco@gmail.com,,,,,,,"2025-04-17 17:44:54"
2207322,Dennis,Fraser,,dennisf@easy2c.co.nz,0274300027,"395 Church Street, Penrose",,,,,"2018-09-13 16:09:10"
1690187,,,"Dependable Property Management Ltd",,,,,,,,"2018-01-22 16:02:45"
5708650,Derek,,,derekp@xtra.co.nz,0275077376,,,,,,"2022-01-20 17:02:53"
2773182,,,"Derek Perkins",,,,,,,,"2019-04-26 18:48:30"
2773183,Derek,Perkins,"Derek Perkins",dereksamnz@gmail.com,021970388,,,,,,"2019-04-26 18:48:30"
10699615,Derek,Seo,"J Project Management",qs@jppm.co.nz,"+64 27 281 9385","5E Apollo Drive, Rosedale",Auckland,,0632,"New Zealand","2025-09-30 08:05:44"
4231824,,,"Designer Homes",,,,,,,,"2020-10-05 12:29:01"
8426622,,,"Detailed Builds",,,,,,,,"2024-02-26 10:11:25"
5959396,Diana,Lynds,,Dianalynds@hotmail.com,0211103607,,,,,,"2022-03-24 12:50:45"
10336556,Diane,Daly,,diane.johnwright@gmail.com,+64274196930,,,,,,"2025-07-03 10:30:52"
2001486,Diane,Smith,,swcleaning@xtra.co.nz,021474404,"59 Avonleigh Rd",,"Green Bay",,,"2018-06-12 14:39:02"
10011104,,,"Dianna Perron",,,,,,,,"2025-04-09 19:47:37"
10011105,Dianna,Perron,"Dianna Perron",diannaperron@me.com,0272246446,"29 Marine Parade, Herne Bay",Auckland,,1011,"New Zealand","2025-04-09 19:47:37"
2347044,Dieter,Lieskounig,"Coimex International LTD",dieter@coimex.co.nz,"09 274 1348 ext 201","16 Highbrook Drive,",,"East Tamaki",,,"2018-11-07 09:03:50"
2624001,Dieter,Lieskounig,"D & E Lieskounig Partnership",dieter@coimex.co.nz,"09 2741348 Ext 201","P O Box 42",,Whitford,,,"2019-03-05 17:01:04"
10370268,Dilbag,"Singh KHOSA","ACTIONHOMES LIMITED",actionhomesltd@gmail.com,0225688689,"1 Paripari Street, Flat Bush",Auckland,,2019,"New Zealand","2025-07-11 12:57:40"
6857245,,,"Dingding Xu",,,,,,,,"2022-11-28 19:43:22"
6857246,Dingding,Xu,"Dingding Xu",xudingding978@gmail.com,0212938112,,,,,,"2022-11-28 19:43:22"
2316868,,,"DMS Plasterers & Painters",,,,,,,,"2018-10-25 18:09:43"
7826109,,,Don,,,,,,,,"2023-09-04 07:00:40"
7826110,Don,,Don,don.tate@xtra.co.nz,0274489338,,,,,,"2023-09-04 07:00:40"
8934977,Don,,Don,don_c@xtra.co.nz,+642102378107,,,,,,"2024-07-02 17:47:27"
6803794,Don,Campbell,"Don Campbell",don@dcphoto.co.nz,0274720808,,,,,,"2022-11-11 06:13:16"
6803873,,,"Don Campbell",,,,,,,,"2022-11-11 06:13:16"
4425230,,,"Don Glenn",,,,,,,,"2020-12-03 14:50:24"
4425231,Don,Glenn,"Don Glenn",donjglenn@gmail.com,021522362,,,,,,"2020-12-03 14:50:24"
8800292,Don,Silvester,,Don.silvester@xtra.co.nz,0212714928,,,,,,"2024-05-27 21:06:07"
4147361,,,"Don West",,,,,,,,"2020-09-08 17:05:01"
4147362,Don,West,"Don West",the.wests@xtra.co.nz,021359378,,,,,,"2020-09-08 17:05:01"
9423089,,,"DONE RIGHT BUILDERS LIMITED",,,,,,,,"2024-11-05 08:04:40"
3432462,Donna,Price,Eco-Smart,donna.ecosmarthomes@gmail.com,0220300407,"Suite 302, 100 Parnell Road",,"Parnell, Auckland 1052",,,"2019-12-27 12:34:08"
2565185,,,"Down To Earth Electrical Services",,,,,,,,"2019-02-13 13:44:17"
8025113,,,"Dr John Stoyanof SMO Psychiatry",,,,,,,,"2023-10-26 23:39:38"
4012608,"Dr. Peter",Raymond,,pete.raymond1@gmail.com,021589938,"Apt 3D, Stonemasons, 
27-29 Falcon Street",,Parnell,,,"2020-07-23 09:44:27"
11540893,,,"DREAM CREATORS LIMITED",,,,,,,,"2026-05-06 22:50:46"
2627090,,,Dulux,,,,,,,,"2019-03-06 12:40:38"
2953739,,,"Dulux - AcraTex",,,,,,,,"2019-06-28 10:11:03"
6844537,,,"Dulux Construction Solutions",,,,,,,,"2022-11-23 14:56:09"
1921085,,,"Dulux New Zealand",,,,,,,,"2018-05-07 19:21:38"
4117806,Duncan,Andrew,,go321fire@yahoo.co.nz,021588214,,,"New Windsor",,,"2020-08-28 11:18:09"
2897806,Duncan,Stewart,,green500nz@yahoo.com,0225440500,"13 Kayleen Place",,"Cockle Bay",,,"2019-06-08 12:43:39"
7626823,Dylan,DAVEY,"RELIABUILDER LIMITED",dylan@reliabuilder.nz,021331481,"254 Wade River Road, Wade Heads,","Wade Heads,",Whangaparaoa,0932,"New Zealand","2023-07-10 14:53:21"
11220113,Dylan,Fourie,"Nexus Exteriors Limited",dylan@nexusexteriors.co.nz,0212783336,"7A Penzance Road, Mairangi Bay",Auckland,,0630,"New Zealand","2026-02-16 16:44:30"
10942250,Dylan,Sabo,"ZE BUILD LIMITED",dylan@zebuild.co.nz,"022 438 4019","30 Foundry Road, #4",Silverdale,Auckland,0932,"New Zealand","2025-11-27 14:57:10"
3830740,Dylan,Tomlin,Built,dylan@built.co.nz,"021 565 414","Tenancy R-51 Ormiston Town Centre",,"Flat Bush",,,"2020-05-25 08:32:39"
4763315,E,Sohail,,esohail@hotmail.com,02102253497,"8 Sunnyside Rd",,Sunnyvale,,,"2021-03-29 07:54:35"
10198987,Eamon,Doyle,,eamonjdoyle@yahoo.co.nz,021894789,,,,,,"2025-05-29 16:23:51"
3433149,,,"Eco Smart",,,,,,,,"2019-12-19 16:13:48"
3432461,,,Eco-Smart,,,,,,,,"2019-12-19 11:26:07"
11253471,,,Ecoflow,,,,,,,,"2026-02-24 09:39:08"
9143068,,,"Ed Wylie",,,,,,,,"2024-08-27 16:35:31"
9143069,Ed,Wylie,"Ed Wylie",ed.wylie@xtra.co.nz,"0274 337 294","6A Pahaki Street, St Heliers",Auckland,,1071,"New Zealand","2024-08-27 16:35:31"
10159973,Eddy,Lee,"J Project Management",eddy@jppm.co.nz,"021 082 58308","Apollo Drive, Rosedale",Auckland,,0632,"New Zealand","2025-05-20 13:34:30"
1974861,Edie,Johnson,,cajam29@gmail.com,0212334177,"2 Sean Fitzpatrick Place",,Papatoetoe,,,"2018-05-30 17:26:59"
11615693,Ehtisham,"Ul Haque","Room Renter",hello@roomrenter.co.nz,,"12 Garfield Street, Parnell",Auckland,,1052,"New Zealand","2026-05-26 09:19:50"
9665648,,,"Eileen Chen",,,,,,,,"2025-01-19 20:12:43"
9665649,Eileen,Chen,"Eileen Chen",info@eileen.co.nz,02108516063,,,,,,"2025-01-19 20:12:43"
3888305,Elaine,,"GJ Investment Ltd T/A GJ Interiors",gj@gjinteriors.co.nz,021208080,,"196A Swanson Road",,,,"2020-06-15 12:19:56"
4165619,Elaine,Reddington,,elaine.reddington11@gmail.com,02102597456,"326 Glenfield Rd",,Glenfield,,,"2020-09-16 13:23:48"
11775383,"Elba and Sabastian","Escobar and Hurrell","kitchen studio",enya977@gmail.com,021516445,"6c Browns Bay Road, Rothesay Bay",Auckland,,0630,"New Zealand","2026-07-06 14:23:10"
5212000,"Elena / Rex",Lancaster,,cgctts@gmail.com,0211521289,"17 Lancaster Road",,"Beach Haven",,,"2021-08-09 16:05:45"
4302221,,,"Elena Lin",,,,,,,,"2020-10-26 17:56:07"
4302222,Elena,Lin,"Elena Lin",dlin1229@gmail.com,0211521289,,,,,,"2020-10-26 17:56:07"
6169067,,,"Elevate Projects",,,,,,,,"2022-05-20 09:56:18"
9795288,Elizabeth,Duder-Subritzky,"Elizabeth Duder-Subritzky",elizsub@xtra.co.nz,"021 287 6335",,,,,,"2025-02-20 21:45:43"
9803929,,,"Elizabeth Duder-Subritzky",,,,,,,,"2025-02-20 21:45:43"
5442290,Elsabe/Zirk,"Pretorius/Van Den Berg","kitchen studio",elsabe2014@gmail.com,0211399477,"645 East Coast Road",,"Browns Bay",,,"2021-10-19 16:49:33"
6610097,"Elysha Ehrhorn",Ehrhorn,"BP Bartlett Construction",elysha@bartcon.co.nz,"09 263 8872",,,,,,"2022-09-20 16:00:53"
11614437,,,"EMAC CONSTRUCTIONS LIMITED",,,,,,,,"2026-05-25 19:28:22"
11895992,Emily,O’Hara,,nz.ohara.family@gmail.com,021477569,"103 McCullough Avenue, Mount Roskill",Auckland,,1041,"New Zealand","2026-07-31 13:19:48"
3666731,Emma,,,mea-evans@hotmail.com,0212217195,,,,,,"2020-03-12 07:49:16"
3078984,Emma,Rich,"Jack Building",emma@jackofalltrades.co.nz,0276943777,"2 Saturn Place",,"Albany, North Shore",,,"2019-08-14 15:05:02"
4033060,Emma,Rich,"Odge LTD",emma@odge.co.nz,0224042136,"34 Cloverfields Drive",,Waimauku,,,"2020-08-06 12:23:24"
5917787,,,"Emmett Walsh",,,,,,,,"2022-03-13 20:49:52"
5917788,Emmett,Walsh,"Emmett Walsh",easwalsh@yahoo.co.uk,02102002120,,,,,,"2022-03-13 20:49:52"
5928971,Eric,Castledine,Sorenovate,eric@qpcbuilders.co.nz,0211343479,"4b Atlas Place",Rosedale,Auckland,0632,"New Zealand","2022-03-16 12:33:58"
5955916,Eric,Castledine,"QPC BUILDGROUP",eric@qpcbuilders.co.nz,0211343479,,,,,,"2022-03-23 18:51:46"
2632340,Eric,Du,"KKG Limited - A Licensee of Renovation Franchise Limited",eric@kkgrefresh.co.nz,0223117410,"Level 1, 2 Woodbine Avenue,",,Greenlane,,,"2019-05-15 15:21:46"
2705144,Eric,Du,"KKG Limited - A Licensee of Renovation Franchise Limited",kkgquotes@refresh.co.nz,0223117410,"76 Whitehaven Rd",,Glendowie,,,"2019-04-01 17:58:41"
4359931,Eric,Hanosh,"PNZ LTD",psnzltd@gmail.com,,"454 Glenfield Rd",,Glenfield,,,"2020-11-12 11:13:10"
10029629,"Erin & Stephen Quin",,,erinquin1981@gmail.com,0223546852,,,,,,"2025-04-15 08:20:38"
11428554,Erin,Wheeler,"Blockhouse Bay Medical Centre",Erin@bhbmc.co.nz,,,,,,,"2026-04-08 14:51:05"
11610695,,,"Eshna Sharma",,,,,,,,"2026-05-23 13:35:41"
11610696,Eshna,Sharma,"Eshna Sharma",eshnasharma1@gmail.com,"021 023 83738","1-7 Ribbonwood Crescent, Goodwood Heights",Auckland,,2105,"New Zealand","2026-05-23 13:35:41"
8440639,,,Esti,,,,,,,,"2024-02-28 23:29:02"
8440640,Esti,,Esti,estivanwyk@gmail.com,021659209,,,,,,"2024-02-28 23:29:02"
9590712,Etienne,Koster,"HARBOUR CITY PLANS LTD",Etienne@harbourcityplans.co.nz,0220341124,,,,,,"2024-12-19 14:53:16"
6890712,,,"Eurotech solutions",,,,,,,,"2022-12-08 11:50:47"
6750551,Eva,Mccann,,evas.mccann@gmail.com,0273739807,,,,,,"2022-10-27 11:01:09"
4032800,,,"Excalibur Building",,,,,,,,"2020-07-30 08:53:55"
11769709,Ezra,Cossill,"Woodsmith Building Company Limited",ezra@woodsmithbuilding.co.nz,0211516944,,,,,,"2026-07-03 12:46:33"
2281463,,,"Fafu Limited",,,,,,,,"2018-10-11 14:44:43"
3777096,Faith,Pallant,,faithpallant@hotmail.com,0210786777,"36 Fields Parade",,Oteha,,,"2020-05-05 15:45:42"
11141054,,,"FALCON PROJECTS LIMITED",,,,,,,,"2026-01-28 22:47:25"
3017109,,,"Fall Pac (NZ) LTD",,,,,,,,"2019-07-23 12:24:24"
1920917,,,"Farrys Construction Ltd",,,,,,,,"2018-05-07 17:39:59"
11321093,,,"Fay and Roberts",,,,,,,,"2026-03-11 15:26:14"
11321094,"Fay and Roberts",Mills,"Fay and Roberts",faymills@xtra.co.nz,021303032,,,,,,"2026-03-11 15:26:14"
2177741,,,"Faye Hockly",,,,,,,,"2018-08-28 17:43:10"
2177742,Faye,Hockly,"Faye Hockly",faye.hockly@gmail.com,02108287582,,,,,,"2018-08-28 17:43:10"
6555949,Faye,Sanderson,,sanderson.faye@gmail.com,021668188,,,,,,"2022-09-05 15:33:18"
11397008,,,"Field Rubber",,,,,,,,"2026-03-30 13:07:16"
5515555,Fiona,Fairburn,"Refresh - West Auckland",fiona.fairbairn@refresh.co.nz,0272454909,,,"West Auckland",,,"2021-11-10 13:56:20"
10199403,Fiona,Fairburn,,fiona@premino.co.nz,0272754909,,,,,,"2025-05-29 17:51:51"
1837478,Fiona,Hawkins,,fiona@hellohawkins.com,0275765124,"106 Fonteyn Str",,Avondale,,,"2018-03-29 14:47:05"
2618828,Fiona,Williams,"kitchen studio",fiona.willis@xtra.co.nz,0212150067,"9a Summit Drive",,"Mt Albert",,,"2019-03-03 22:00:35"
4086060,,,"Fletcher Living",,,,,,,,"2020-08-18 15:10:29"
4118237,Florence,Au,"kitchen studio",wingtak.chiu@gmail.com,0275258141,"12 Altair Place",,"Windsor Park",,,"2020-08-28 14:22:32"
3774940,,,"Foreshore Build Ltd",,,,,,,,"2020-05-04 16:03:11"
6344616,,,"Forrest Harrison",,,,,,,,"2022-07-06 18:38:18"
3923065,Fou,Tuipulot,"Bakers Builds",foubakersbuilds@gmail.com,0226990115,"151 Beach rd",,"Auckland CBD",,,"2020-06-24 09:31:32"
11690038,Fran,Downson,,fldowson@gmail.com,,"54 William Gamble Drive, Greenhithe, Auckland 0632, New Zealand",Auckland,,0630,"New Zealand","2026-06-12 17:30:45"
7293085,Frankie,Visser,"Create Renovations",frankie@createrenovations.co.nz,0212769700,"41 Clyde road","Browns Bay","Auckland,",0630,"New Zealand","2023-07-27 05:55:57"
4273609,,,FYFCCL,,,,,,,,"2020-10-16 13:44:11"
3577357,Gabrielle,Grant,,gabrielle.grant@gmail.com,0274238201,"29 - I Stephens Ave",,Parnell,,,"2020-02-14 14:27:04"
4598004,,,"Gareth Van Der Westhuizen",,,,,,,,"2021-02-09 19:38:18"
4598005,Gareth,"Van Der Westhuizen","Gareth Van Der Westhuizen",gareth@elecfirst.co.nz,"021 353201","8 Clifton Road, Waiake, Auckland",,,0630,,"2021-02-09 19:38:18"
10187754,"Garth and Jan",,,jangarth@orcon.net.nz,0274771439,,,,,,"2025-05-27 15:23:10"
6468790,,,"Gary Pemberton",,,,,,,,"2022-08-10 17:59:19"
6468791,Gary,Pemberton,"Gary Pemberton",Gary@pembertons.co.nz,"021 424 084",,,,,,"2022-08-10 17:59:19"
11174208,,,"Gary Zhao",,,,,,,,"2026-02-05 09:18:31"
11174209,Gary,Zhao,"Gary Zhao",garyznz2003@gmail.com,"+64 210 268 9119","16 Crimson Park, Oteha",Auckland,,0632,"New Zealand","2026-02-05 09:18:31"
5708183,Gavin,Bindon,"Bindon Construction",Gavin@bindon.co.nz,http://www.bindonconstruction.co.nz,"19D Triton Drive",Albany,,,,"2022-01-20 15:03:29"
4978051,Gavin,Lucas,"Lucas Building Solutions",gavin@lucasbuildingsolutions.co.nz,0221260022,"16 Swordfish Place",Maraetai,Auckland,2018,"New Zealand","2021-05-31 16:49:41"
4522241,Gavin,Martin,,Gavin.Martin@kordia.co.nz,0212299202,"12 Milton Road",,"Mount Eden",,,"2021-01-26 15:12:07"
1528102,,,Gaynor,,,,,,,,"2017-10-19 18:05:01"
1528103,Gaynor,,Gaynor,gaynorboulle@hotmail.com,0275511190,,,,,,"2017-10-19 18:05:01"
2298876,Gemma,Ansty,"ANCL Investments Limited",gemma@ancl.co.nz,021330992,"35a Upland Road",,Kohimarama,,,"2018-10-18 12:50:14"
8589827,Gemma,Cullen,,gemma_cullen@xtra.co.nz,,,,,,,"2024-04-04 09:51:48"
11270617,,,"Geoff & Prue Furkert",,,,,,,,"2026-02-27 07:34:10"
11322535,Geoff,Furkert,"Geoff & Prue Furkert",geoff.furkert@xtra.co.nz,,,,,,,"2026-03-11 21:52:35"
2024291,Geoff,Maisey,,amymaisey1@gmail.com,0274517654,"48 Beechdale Crescent,",,"Pakuranga Heights",,,"2018-06-22 08:41:35"
8502552,,,"Geoff Miller",,,,,,,,"2024-03-12 21:48:52"
8502553,Geoff,Miller,"Geoff Miller",geoffmiller86@gmail.com,"027 839 5250",,,,,,"2024-03-12 21:48:52"
5468856,Geoff,Peterson,,geoff@positiveoutcomes.co.nz,0296378344,,,,,,"2026-08-07 11:25:13"
5476079,Geoff,Peterson,,geoff.peterson@loanmarket.co.nz,0296378344,,,,,,"2021-10-28 21:45:39"
1703923,George,,,george@idontknow.co.nz,0274523233,"3/62 Garnet Str",,Westmere,,,"2018-01-29 19:02:55"
7183129,George,,,hayahisan@hotmail.com,0211084888,"21A Marama Avenue,","Epsom,",Auckland,1023,"New Zealand","2023-03-09 14:55:53"
1705724,George,Orton,,georgeorton@hotmail.com,0274523233,"3/62 Garnet Str",,Westmere,,,"2018-01-30 09:14:34"
5394952,George/Glenys,Gardiner,,glengeorge@kinect.co.nz,02102208765,"13 Stapleford Crescent, Browns Bay",Auckland,,0630,"New Zealand","2024-04-23 09:03:54"
3869632,George/Penny,Patterson,,pennyupson1@gmail.com,021766547,"15b Lamia Place",,"The Gardens",,,"2020-06-07 13:26:13"
4202161,Georgia,Lucas,,georgiaellenlucas@hotmail.com,0211652945,"2/78 Moore St",,Howick,,,"2020-09-24 14:08:02"
9070877,,,"Geospace NZ Ltd",,,,,,,,"2024-08-07 19:42:47"
8997532,Gerald,Cailliau,"TP Builders ltd",gerald@lat36.co.nz,021849022,,,,,,"2024-07-19 06:44:26"
5933570,Gilbert,Owen,,gilbert.owens@live.co.uk,0223715894,"47b Squirrel Lane",,"Browns Bay",,,"2022-03-22 13:35:28"
5865670,,,Gillian,,,,,,,,"2022-03-01 19:29:24"
5865671,Gillian,,Gillian,trotmangillian@gmail.com,0211191337,,,,,,"2022-03-01 19:29:24"
2479749,"Gillian / John",Millward,"kitchen studio",karoo@xtra.co.nz,"027 271 5190","34 Hartway Grove",,Coatesville,,,"2020-05-05 15:52:16"
10036515,,,"Gilt Edge Industries Ltd",,,,,,,,"2025-04-16 13:41:29"
2951494,Gina,Carson,,cawsons@gmail.com,0272545440,"7 Caliban Place",,"St Heliers",,,"2019-06-28 09:56:35"
10361620,Gina,Carson,,gina@cawson.nz,,,,,,,"2025-07-09 18:00:34"
10936365,,,Giovanni,,,,,,,,"2025-11-26 10:41:52"
10936366,Giovanni,,Giovanni,gxvigo@gmail.com,021821531,"53B Alfred Street, Onehunga",Auckland,,1061,"New Zealand","2025-11-26 10:41:52"
3888304,,,"GJ Investment Ltd T/A GJ Interiors",,,,,,,,"2020-06-12 12:02:42"
9142141,,,"Glen Eden Playcentre",,,,,,,,"2024-08-27 13:22:02"
9407623,Glen,Morgan,"S5 Consulting",QS@s5s.nz,02102178855,,,,,,"2024-10-31 08:59:27"
3581385,Glen,Powell,"Kiwibok Developments LTD",glenn@kiwibok.co.nz,0212550380,"PO Box 583",,Kumeu,0841,,"2020-02-17 11:50:16"
11952105,,,"Glenfield Baptist Church",,,,,,,,"2026-08-14 12:24:50"
11270933,,,"Glenys Wong",,,,,,,,"2026-02-27 09:16:10"
11270934,Glenys,Wong,"Glenys Wong",gngwong@xtra.co.nz,095240564,"2/11A Kitirawa Road, Remuera",Auckland,,1050,"New Zealand","2026-02-27 09:16:10"
1445415,Glyn,,,glyn@ready.kiwi.nz,,,,,,,"2017-09-13 17:14:34"
4790750,,,"Gold Homes LTD",,,,,,,,"2021-04-07 14:51:57"
8534213,,,"GOODISON ARCHITECTURAL LIMITED",,,,,,,,"2024-03-19 23:07:58"
11660757,Gordon,Baxter,,gbaxter21@gmail.com,0274593343,"Saint Stephens Avenue, Parnell
19A-23B",Auckland,,1052,"New Zealand","2026-06-05 14:36:51"
4577490,Graeme,Rawlings,,graeme@thinkit.co.nz,021504522,"49b Nerriefield Ave",,"Forrest Hill",,,"2021-02-18 10:31:38"
4201799,Graeme,Turnwald,,turnwaldg419@gmail.com,02102695553,"18 Kallista place",,"Browns bay",,,"2020-09-24 12:38:17"
8398080,,,"Graeme Waite",,,,,,,,"2024-02-19 00:47:13"
8398081,Graeme,Waite,"Graeme Waite",graeme.waite@xtra.co.nz,"021 083 81646",,,,,,"2024-02-19 00:47:13"
9071242,,,"Graeme Webbber",,,,,,,,"2024-08-07 21:42:33"
9071243,Graeme,Webbber,"Graeme Webbber",greyweb@gmail.com,+64272203111,,,,,,"2024-08-07 21:42:33"
2508335,"Graham - Margaret",Oliver,,graham.oliver@xtra.co.nz,095288400,"35b Rawhitoroa Rd",,Kohimarama,,,"2019-01-25 08:49:21"
2261293,Graham,French,,graham.french@yahoo.com,02108381194,"46d Rawhitiroa Road,",,Kohimarama,,,"2018-12-04 14:04:54"
11523298,Graham,MAUGER,"GRAHAM MAUGER BUILDERS LIMITED",graham@grahammaugerbuilders.co.nz,021927944,"13B Eltham Road, Kohimarama",Auckland,,1071,"New Zealand","2026-05-01 17:15:06"
11523297,,,"GRAHAM MAUGER BUILDERS LIMITED",,,,,,,,"2026-05-01 17:15:05"
4503921,Graham/Lorraine,Ross,,Grahamr@faststripes.nz,0275605607,"2 Lincoln Close, Northcross",Auckland,,0630,"New Zealand","2026-09-15 18:58:05"
1418957,Grahame,Heenan,"Annika Investments Ltd",gheenan@connect.com.fj,,,,,,,"2017-08-30 19:11:35"
2266901,Grahame,Heenan,"Annika Investments Ltd",gheenan@connect.com.fj,0212137424,"6-18 O'Shannessey",,Papakura,,,"2018-10-05 08:18:52"
5583066,,,Grant,,,,,,,,"2021-11-30 18:23:55"
5583067,Grant,,Grant,grant@businessprintbrokers.co.nz,0272551818,"13 Wilding Avenue","Northcote Point",Auckland,0627,"New Zealand","2021-11-30 18:23:55"
1720691,,,"Grant Blockley",,,,,,,,"2018-02-06 10:42:52"
1720692,Grant,Blockley,"Grant Blockley",nickyandgrant108@gmail.com,"027 8893588",,,,,,"2018-02-06 10:42:52"
6848170,,,"Grant Forsyth",,,,,,,,"2022-11-24 12:06:16"
6848171,Grant,Forsyth,"Grant Forsyth",grant@forsyth.gen.nz,0223005347,,,,,,"2022-11-24 12:06:16"
7902011,,,"Grant McFlinn",,,,,,,,"2023-09-24 21:05:55"
7902012,Grant,McFlinn,"Grant McFlinn",grantmcflinn@gmail.com,0274948948,"2 Umbria Lane","Flat Bush",Auckland,2019,"New Zealand","2025-08-04 10:13:41"
11219497,,,"Grant Wood",,,,,,,,"2026-02-16 15:07:52"
11219498,Grant,Wood,"Grant Wood",wood.whanau@gmail.com,"+64 21 241 7015","94A Benson Road, Remuera",Auckland,,1050,"New Zealand","2026-02-16 15:07:52"
8665131,,,"Gravity Projects",,,,,,,,"2024-04-23 08:23:49"
8025076,Griffin,,,griffinhoskin@gmail.com,0276873363,,,,,,"2023-10-26 23:25:01"
10029698,Guillermo,"Pena Perez","BILLY BOY IN ACTION LIMITED",billyboyinaction@gmail.com,"+64 210 712 418",,,,,,"2025-04-15 08:42:09"
4452675,,,"Gurkirat singh walia",,,,,,,,"2020-12-14 15:03:06"
4452676,Gurkirat,"singh walia","Gurkirat singh walia",Gurkirat.walia@gmail.com,0211255707,,,,,,"2020-12-14 15:03:06"
6646753,Gustavo,Koscak,"CORE DIVISION LIMITED",koscakg@hotmail.com,0223554064,"15 Nor'East Drive, Northcross",Auckland,,0632,"New Zealand","2025-07-23 17:09:07"
5824263,Gwen,Buchanan,"kitchen studio",none@gmail.com,0272072632,"28 Kinleith Way",,Albany,,,"2022-02-21 10:39:02"
12070900,Haley,Jones,"Renuka Menon",Haley@ironbridge.co.nz,"+64 21 752 823",,,,,,"2026-09-15 07:33:47"
5359714,,,"Hamish Driver",,,,,,,,"2021-09-24 15:33:05"
5359715,Hamish,Driver,"Hamish Driver",hamishdriver@gmail.com,0212225025,"54B Chequers Avenue",Glenfield,Auckland,0629,"New Zealand","2021-09-24 15:33:05"
5869655,,,"Hamish Gard",,,,,,,,"2022-03-02 14:58:30"
5869656,Hamish,Gard,"Hamish Gard",hamishgard@outlook.com,0212072076,,,,,,"2022-03-02 14:58:30"
7599052,Hamish,McDougall,,hamish.a.mcdougall@gmail.com,021512907,,,,,,"2023-06-30 14:16:43"
4388356,Hangying,Qiu,,hongying@hyaccountants.co.nz,021476883,"77 Chelsea View Drive",,Chatswood,,,"2020-11-21 11:29:11"
6434114,Hannah,,,liujiayun66@gmail.com,02041302622,,,,,,"2022-08-02 08:35:56"
4314392,Hannah,Boys,"La Luna Hair",hannah@lalunahair.co.nz,02102670557,"5/408 Beach Rd",,"Mairangi Bay",,,"2020-10-29 11:25:24"
5933107,Hannah,Hutching,"Mango Communications Aotearoa",hannahh@thisismango.co.nz,0210770506,"Level 4, 119 Great North Road",,"Grey Lynn",,,"2022-03-17 07:51:21"
4242038,Hans,Luit,"Power Painters",hans@powerpainters.co.nz,,,,Milldale,,,"2020-10-07 15:47:07"
1643819,,,"HAO HU",,,,,,,,"2017-12-18 15:10:52"
1643820,Hao,Hu,"QLS Development Ltd",qlsltd@outlook.com,02102509159,,,,,,"2017-12-18 15:35:45"
2561807,,,"Hao Zhao",,,,,,,,"2019-02-12 16:05:34"
2561808,Hao,Zhao,"Hao Zhao",jonnyhaozhao@gmail.com,0272286776,,,,,,"2019-02-12 16:05:34"
10765878,,,Haptix,,,,,,,,"2025-10-15 23:06:06"
9590711,,,"HARBOUR CITY PLANS LTD",,,,,,,,"2024-12-19 14:53:16"
2323817,,,harcourts,,,,,,,,"2018-10-29 18:28:24"
8006753,,,"Harrison Building Company Limited",,,,,,,,"2023-10-22 20:26:29"
1870765,,,"Hartmann Builders LTD",,,,,,,,"2018-04-16 07:47:41"
3571817,,,"Haus Projects",,0272816104,,,,,,"2021-04-14 13:42:11"
7252242,,,hayden,,,,,,,,"2023-03-26 08:00:01"
7252243,Hayden,,hayden,Hayden@starpersonnel.co.nz,0274557730,,,,,,"2023-03-26 08:00:01"
6722068,,,"Hayden Braddock",,,,,,,,"2022-10-20 18:48:41"
6722069,Hayden,Braddock,"Hayden Braddock",hayden.braddock@1971.nz,0274967385,,,,,,"2022-10-20 18:48:41"
4795049,Hayley,Egan,,dunnohayleyegan@gmail.com,021919480,"805a Whangaperoa Rd",,Manley,,,"2021-04-08 13:13:38"
3017110,Hayley,Wilding,"Fall Pac (NZ) LTD",hayleywilding@hotmail.com,0212648067,"1/1 Long Str",,Torbay,,,"2019-07-23 12:24:24"
1568973,,,HDL,,,,,,,,"2017-11-07 16:49:18"
3415653,Heather,Beetham,,heatherjoybeetham@gmail.com,0272936017,"3 Westholm Way",,"Pahurehure, Papakura",,,"2019-12-12 13:55:08"
1753917,Heather,Walton,"Ray White  (Epsom)",heather.walton@raywhite.com,021432167,"3/460 Remuera rd",,Remuera,,,"2018-02-21 11:16:13"
4448041,Helen,Chin,,eyeforme92@gmail.com,02108182706,"29K St Stephen's Ave",,Parnell,,,"2020-12-17 12:46:54"
2695797,Helen,Dixon,"Kathryn/John Wooley",h.dixon@auckland.ac.nz,,"5 Orakei Rd",,Remuera,,,"2019-03-28 09:03:08"
9991864,Helen,Treanor,,helent@slingshot.co.nz,"021 0511221",,,,,,"2025-04-04 14:31:59"
6386992,,,"Hemal Tailor",,,,,,,,"2022-07-19 13:07:43"
6386993,Hemal,Tailor,"Hemal Tailor",info@decorinstyle.co.nz,021544321,,,,,,"2022-07-19 13:07:43"
10668702,,,"Henare Brooks",,,,,,,,"2025-09-22 16:14:23"
10668703,Henare,Brooks,"Henare Brooks",henarebrooks1@gmail.com,0223411213,,,,,,"2025-09-22 16:14:23"
2670706,Henare,Waapu,"Manzis Build",henare@manzisbuild.nz,0212631778,,,,,,"2019-03-21 15:03:22"
2775607,,,Henry,henry000tan@gmail.com,,,,,,,"2019-04-30 23:29:49"
2775608,Henry,,Henry,grace.al.lim@gmail.com,0224536301,,,,,,"2019-04-28 17:36:33"
2604472,Henry,Chung,,hst.chung@gmail.com,021900719,"44 Wynyard Rd",,"Mount Eden",,,"2019-02-26 15:40:29"
5068300,Henry,Healy,"Attune Asset Management",harry@attuneam.com,0210424995,"6 Fox Street",,Parnell,,,"2021-06-25 15:05:20"
11614438,HENRY,WHITE,"EMAC CONSTRUCTIONS LIMITED",henry.w@emac.nz,"+64 22 177 4167","McLaren Guise Associates, 293 Lincoln Road, Lincoln, Henderson",Auckland,,0610,"New Zealand","2026-05-25 19:28:22"
3194055,Hifazel,Haniff,,hifazal@xtra.co.nz,0276955912,"139 Jeffs Rd",,Flatbush,,,"2019-09-24 14:59:00"
1643092,Hilton,,"VBL Developments",VBL@xtra.co.nz,,,,,,,"2017-12-17 16:17:36"
2148775,Hilton,,VBL@xtra.co.nz,VBL@xtra.co.nz,0274850720,"9a Quadrant Rd",,Onehunga,,,"2018-08-15 16:35:31"
2148792,Hilton,,"VBL Developments",VBL@xtra.co.nz,0274850720,"9a Quadrant Rd",,Onehunga,,,"2018-08-15 16:41:43"
4201245,,,"Hobson Leavy Executive Search",,,,,,,,"2020-09-24 09:45:20"
11900098,,,"HOME ME LIMITED",,,,,,,,"2026-08-02 11:11:00"
6632335,,,"Home Servicing",,,,,,,,"2022-09-27 15:36:14"
1849818,,,"Home Smart",,,,,,,,"2018-04-06 08:01:27"
1819827,,,HomeSmart,,,,,,,,"2018-03-21 17:22:09"
2228824,,,HomeSmart ,,,,,,,,"2018-09-19 14:11:28"
2695786,"Hong Che","Elsie Ye","Kathryn/John Wooley",elsie_ye@hotmail.com,,"5 Orakei Rd",,Remuera,,,"2019-03-28 10:37:25"
11472555,,,"HORIZON LINE CONSTRUCTION LIMITED",,,,,,,,"2026-04-20 06:26:34"
2590645,,,https://go.quotientapp.com/17251/people/view-contact/1759874,,,,,,,,"2019-02-21 08:28:23"
9685882,,,"hung sook Lee",,,,,,,,"2025-01-23 18:38:59"
9683491,,,"hung sook. Lee.",,,,,,,,"2025-01-23 10:08:22"
3667322,,,"Huo Construction",,,,,,,,"2020-03-12 10:53:36"
12145043,,,"Hyung Dong Kim",,,"3a Portal Place, Murrays Bay",Auckland,,0630,"New Zealand","2026-10-03 15:41:46"
12145044,"Hyung Dong",Kim,"Hyung Dong Kim",hdkim52@hotmail.com,"+64 21 647 312",,,,,,"2026-10-03 15:41:46"
2728075,,,"I Build Solutions",,,,,,,,"2019-04-09 08:43:54"
5814121,Iain,Stephens,,iandhstephens@gmail.com,021388902,"1/38 Parade St",,"St Heliers",,,"2022-02-22 08:15:54"
9856699,,,"Ian rainey",,,,,,,,"2025-03-05 23:06:20"
9856700,Ian,rainey,"Ian rainey",i.rainey@xtra.co.nz,"+64 21 353 234","6 Tiri Road, Milford",Auckland,,0620,"New Zealand","2025-03-05 23:06:20"
4102538,Ian,Shewin,,igshewan@outlook.com,0274902583,"116 Eversleigh Road",,Belmont,,,"2020-08-24 16:14:23"
2622762,Ian,Westlake,,ianwestlk@gmail.com,021745899,"152a The Drive",,Epsom,,,"2019-03-06 07:28:02"
4465950,Ian-Diana,McPherson,,ianmcp@xtra.co.nz,0212418975,"20 Park Hill Rd",,Birkenhead,,,"2020-12-24 10:42:50"
9192670,,,"IBUILD NEW LTD",,,,,,,,"2024-09-09 20:29:50"
2695905,Ingrid,Lauder,"Kathryn/John Wooley",ingridlauder@gmail.com,,"5 Orakei Rd",,Remuera,,,"2019-03-28 09:37:45"
3638642,Innes,Harriet,,harrietinnes71@gmail.com,0274955119,,,,,,"2020-03-04 08:57:05"
2298976,,,"Inno Home LTD",,,,,,,,"2018-10-18 13:31:08"
4076694,,,"Ironclad Construction",,,,,,,,"2020-08-14 11:03:28"
11224494,,,"Isobel Tyler",,,,,,,,"2026-02-17 12:13:34"
11224495,Isobel,Tyler,"Isobel Tyler",isobel@tylerprice.co.nz,0212393511,"41 Sussex Street, Grey Lynn",Auckland,,1021,"New Zealand","2026-02-17 12:13:34"
3571818,Ivan,,"Haus Projects",ivan@hausprojects.co.nz,,,,,,,"2020-02-13 08:17:37"
7228565,,,"J Project Management",,,,,,,,"2023-03-20 15:37:13"
3078983,,,"Jack Building",,,,,,,,"2019-09-09 14:46:01"
3815589,Jack,Vanderkley,,vanderkley11@gmail.com,0272395103,,,,,,"2020-05-19 14:14:59"
5018396,Jack,Wang,,sd@gmail.com,,"Maygrove Village Orewa, 65 Tauranga Place",,Orewa,,,"2021-06-11 14:36:44"
6440897,,,"Jackie & Karl Dean",,,,,,,,"2022-08-03 05:23:59"
6440898,"Jackie & Karl",Dean,"Jackie & Karl Dean",karldean@xtra.co.nz,0212092544,"78 Weldene Ave",Glenfield,Auckland,0629,"New Zealand","2022-08-03 05:23:59"
5864438,Jackie,He,Meridian,jackie.h@meridian.org.nz,,,,,,,"2022-03-01 14:29:47"
3134045,Jacob,Allison,,jacob.pallison@gmail.com,0211438930,"1/23 High Rd,",,Glenfield,,,"2019-09-04 10:19:50"
2228570,Jacques,Ellis,"NZ Treatments and Spraying - Jacques",ellis.jacques@gmail.com,0275134169,"189 Carter Rd,",,Oratia,,,"2018-09-19 12:29:35"
9683492,Jaeman,Lee,"hung sook Lee",chunchunjae1@gmail.com,"027 525 0810","40 Moa Road, Point Chevalier",Auckland,,1022,"New Zealand","2025-01-23 18:38:59"
1842720,Jaimee-lee,MESSER,"CN BUILDING & MAINTENANCE LIMITED",info@cnbuilding.co.nz,0221057628,"44 Shelly Bay Road, Beachlands, Auckland, 2018 , New Zealand",,,,,"2018-04-03 19:48:24"
4632168,,,James,,,,,,,,"2021-02-18 15:52:15"
4968960,James,,"OTI property Ltd",tripleyj@hotmail.com,0212371017,,,,,,"2021-05-27 17:49:33"
9468432,James,,,jstowersnz@gmail.com,"021365121 J",,,,,,"2024-11-19 14:08:32"
10780642,James,,James,Jamesandkieran@outlook.com,021545010,"36 Faulder Avenue, Westmere",Auckland,,1022,"New Zealand","2025-10-19 19:12:08"
11356158,"James & Victoria",Farrow,,james.alexander.farrow@gmail.com,"027 368 3737","15 James Laurie Street, Henderson",Auckland,,0612,"New Zealand","2026-03-19 14:12:26"
9378319,"James Allan",SIMONS,"SSC CONSTRUCTION LIMITED",James@sscc.co.nz,"0210 708 090","48 Gledstane Road, Stanmore Bay",Whangaparāoa,Auckland,0932,"New Zealand","2024-10-23 21:25:31"
4076695,James,Bartlett,"Ironclad Construction",pricing@ironcladconstruction.co.nz,"021 745 239","58A Bay St",,"Red Beach",,,"2020-08-14 11:03:28"
4955307,James,Beck,"Kohi to Kohi Chapter Ltd",jamesbeck@madgroup.co.nz,021707802,"237 Kohimarama Rd",,Remuera,,,"2021-05-25 11:31:31"
7902066,James,Beck,"WC Property Services T/a- Solvd",office@solvd.nz,021707802,,,,,,"2023-09-24 23:15:12"
10870885,James,Clark,"Talica Management Ltd",james@talica.co.nz,0274722395,"47 Hanene Street, Saint Heliers",Auckland,,1071,"New Zealand","2025-11-10 18:10:03"
11423195,James,Goren,"THE RENOVATION TEAM LIMITED",james@therenovationteam.co.nz,https://therenovationteam.co.nz/,"89B Island Bay Road, Beach Haven",Auckland,,0626,"New Zealand","2026-04-07 16:20:44"
1735555,James,Kim,C.P.Group,james@cpgroupnz.com,021444301,"67 Custom Street East","Auckland City",,,,"2018-02-13 21:30:49"
2839935,James,Kuo,,jameskuo84@gmail.com,02102627887,"180 Onewa Str",,Birkenhead,,,"2019-05-21 08:21:23"
4632169,James,McKay,"James McKay",Jamesmckay@wilsonmckay.co.nz,021569094,,,,,,"2021-02-20 14:04:19"
4639342,,,"James McKay",,,,,,,,"2021-02-20 14:04:19"
4360239,James,Song,"Shield Group Ltd",james@shieldgroup.co.nz,0291234900,"8 & 8A Buckley Road",,Epsom,,,"2020-11-12 12:34:19"
7273076,James,Thomas,"WOLF CONSTRUCTION LIMITED",james@wolfconstruction.co.nz,02102349527,,,,,,"2023-03-31 05:31:58"
5998055,Jamie,Thornburn,"CML Construction",jamie@cml.co.nz,,"PO Box 97070",,Manukau,2241,,"2022-04-05 08:53:06"
9695420,Jamna,Patel,,jamna.patel@gmail.com,0211326362,,,,,,"2025-01-27 17:32:52"
3888122,Jan,Millner,,jan.millner@atpi.com,0212479991,,,,,,"2020-06-12 11:04:14"
10036224,,,"Jana Stringer",,,,,,,,"2025-04-16 12:43:20"
10036225,Jana,Stringer,"Jana Stringer",janastringer@icloud.com,0211533408,"3 Maxine Place, Saint Heliers",Auckland,,1071,"New Zealand","2025-04-16 12:43:20"
1948806,Janardhan,,,Janardhan.Bikka@gmail.com,0221562210,,,,,,"2018-05-17 19:05:21"
11556271,Jane,Beth,,Janeybeth8@gmail.com,021549997,"51 Meadway, #2, Sunnyhills",Auckland,,2010,"New Zealand","2026-05-11 13:32:39"
5437372,,,"Jane Leuschke",,,,,,,,"2021-10-18 16:19:47"
5437373,Jane,Leuschke,"Jane Leuschke",jane@leuschkekahn.co.nz,"021 955 893","3 Murdoch Road","Grey Lynn",Auckland,1021,"New Zealand","2021-10-18 16:19:47"
5385288,Janice,,,adamson_janice@yahoo.co.nz,0273529809,"27 Nixon Street","Grey Lynn",Auckland,1021,"New Zealand","2021-10-02 15:08:03"
1740325,,,Jannine,,,,,,,,"2018-02-14 18:36:59"
1740326,Jannine,Rattenbury,"Jannine Rattenbury",ratsathome@xtra.co.nz,021579412,,,,,,"2018-02-14 19:30:44"
1740416,,,"Jannine Rattenbury",,,,,,,,"2018-02-14 19:30:44"
7225579,Janz,,,janzdonz@gmail.com,0211233573,,,,,,"2023-03-20 06:49:04"
1848149,Jarrett,Filmer,,jarrettfilmer@gmail.com,021954175,"2/106 Bond Crescent","Forrest Hill",,,,"2018-04-05 16:14:52"
2376093,,,Jase,,,,,,,,"2018-11-19 13:47:20"
1565025,,,Jason,,,,,,,,"2017-11-05 13:27:49"
1565026,Jason,,Jason,jisaacSnz@gmail.com,"027 741 0259",,,,,,"2017-11-05 14:23:27"
2224730,,,"Jason Gibbens",,,,,,,,"2018-09-18 10:59:42"
9695458,,,"Jason Ilich",,,,,,,,"2025-01-27 18:23:41"
9695459,Jason,Ilich,"Jason Ilich",jasonilich12@gmail.com,"021 216 9519",,,,,,"2025-01-27 18:23:41"
1557811,,,"Jason Madsen",,,,,,,,"2017-11-01 14:31:48"
1557812,Jason,Madsen,"Jason Madsen",jason.madsen@spark.co.nz,021956100,,,,,,"2017-11-01 14:31:48"
4234861,Jason,Scharvi-Coles,"Jason Scharvi-Coles",jay.scharvi@gmail.com,0222176284,,,,,,"2020-10-07 08:03:16"
4239600,,,"Jason Scharvi-Coles",,,,,,,,"2020-10-07 08:03:16"
1668050,,,"Jason Shon",,,,,,,,"2018-01-10 17:53:44"
1668051,Jason,Shon,"Jason Shon",Drift0@hotmail.com,0210332543,,,,,,"2018-01-10 17:53:44"
7902070,,,"Jason Wild",,,,,,,,"2023-09-24 23:24:28"
7902071,Jason,Wild,"Jason Wild",jaswild68@gmail.com,021376544,,,,,,"2023-09-24 23:24:28"
3002033,Jasper,Vanida,,jasper.vanida@gmail.com,0212405252,"86/1 Ridge Rd,",,Howick,,,"2019-07-17 15:25:33"
4227849,Jawad,Shariffi,,jaywad.js@gmail.com,0212779207,"26 Park Avenue",,Papatoetoe,,,"2020-10-05 13:27:42"
3638477,Jay,Ahlers,,fizzahlers@gmail.com,0211018307,,,,,,"2020-03-04 08:47:56"
6030978,,,"Jay Investments 2015",,,,,,,,"2022-04-12 23:45:20"
6030979,"Jay Investments 2015",,"Jay Investments 2015",kurushganjia@hotmail.com,021652724,,,,,,"2022-04-12 23:45:20"
7956412,Jean,Bouillin,,jeanbouillin@hotmail.com,0220915462,,,,,,"2023-10-09 18:10:57"
7784995,Jeff,Michaels,"JRA CONSTRUCTION LTD",jeff@jraconstruction.co.nz,,,,,,,"2023-08-22 17:53:42"
9822170,jeff,wang,,gotojeffray@gmail.com,0272898308,"6 Cassia Place, Sunnynook",Auckland,,0620,"New Zealand","2025-02-25 22:52:04"
9844015,jeff,wang,,gotojeffray@gmail.com,0272898308,,,,,,"2025-03-03 16:32:39"
5382563,,,"Jeffrey Zhou",,,,,,,,"2021-10-01 16:35:40"
5382564,Jeffrey,Zhou,"Jeffrey Zhou",built.glorious@gmail.com,0276444939,,,,,,"2021-10-01 16:35:40"
11937709,,,"Jen and Ben Dakers",,,,,,,,"2026-08-11 16:19:57"
11937710,Jen,Dakers,"Jen and Ben Dakers",jendakers@gmail.com,027244313,"8 Theodora Place, Mairangi Bay",Auckland,,0630,"New Zealand","2026-08-11 16:19:57"
1445311,,,"Jenn Jonnes property management",,,,,,,,"2017-09-13 16:31:30"
2289499,,,"Jennie McCombe",,,,,,,,"2018-10-15 18:27:28"
2289500,Jennie,McCombe,"Jennie McCombe",jennie_mccombe@hotmail.co.nz,0211101907,,,,,,"2018-10-15 18:27:28"
1445312,Jennifer,Jones,"Jenn Jonnes property management",jennie@jennjonesproperty.co.nz,021585446,,,,,,"2017-09-13 16:31:30"
7383120,Jenny,Gill,,jennyagill@gmail.com,,,,,,,"2023-05-03 16:02:36"
9966090,Jenny,Jefferson,,jenny.gavan@hotmail.com,0272767856,"2/86 beach road
Castor bay",,,0620,"New Zealand","2025-03-31 09:19:27"
9236308,Jenny,Riethmaier,"VIKING HOMES LIMITED",jenny@vikinghomes.co.nz,,"79 Wilks Road West
Rd 4","Dairy Flat",Auckland,0794,"New Zealand","2024-09-19 09:57:56"
4383299,Jenny,Vernon,,jjv@xtra.co.nz,021799791,"28 Blomfield Spa",,Takapuna,,,"2020-11-19 13:58:48"
2612001,Jenny/Shane,Webby,,thewebbyfamily@gmail.com,0211173962,"61 Kitenui Ave",,"Mt Albert",,,"2019-02-28 16:00:33"
11225348,,,Jeremy,,,,,,,,"2026-02-17 15:05:25"
11225349,Jeremy,,Jeremy,nhungandjeremy@gmail.com,"+64 21 893 666","39 Hillview Avenue, New Windsor",Auckland,,0600,"New Zealand","2026-02-17 15:05:25"
10288715,,,"Jeremy Croft",,,,,,,,"2025-06-20 14:33:19"
10288716,Jeremy,Croft,"Jeremy Croft",jeremy.croft@reseneconstruction.co.nz,021997144,"52B Kesteven Avenue, Glendowie",Auckland,,1071,"New Zealand","2025-06-20 14:33:19"
5577717,Jeremy,Haldane,"Renovation Works",estimating@renovationworks.co.nz,"021 064 2952","Unit A2 15 Lovell Court",,Rosedale,,,"2021-11-29 13:59:37"
4210306,Jeremy,Tan,,jetskitan@hotmail.com,0292001272,,,,,,"2020-09-28 12:36:04"
6654910,Jerry,Liu,"Top View Construction",jerry.liu@topviewconstruction.co.nz,,,,,,,"2022-10-04 06:44:14"
3892839,Jess,Harrison,"Bartlett Construction",office@bartcon.co.nz,021742013,"55E Druces Road",,Wiri,,,"2020-06-15 11:37:51"
5895935,Jesse,"- Jessie Peters",,jesseandjessiepeters@gmail.com,0211786580,"177 Beach Haven Road",,"Beach Haven",,,"2022-03-09 16:27:25"
8954736,,,"Jhon and Catherine Butchard",,,,,,,,"2024-07-08 19:22:17"
8954737,"Jhon and Catherine",Butchard,"Jhon and Catherine Butchard",dunno@dunno.com,021929050,"1-66 Kohimarama Road, Kohimarama",Auckland,,1071,"New Zealand","2024-07-08 19:22:17"
5413181,,,"Jian Hua Yang",,,,,,,,"2021-10-11 17:13:30"
5413182,"Jian Hua",Yang,"Jian Hua Yang",Jianhuayang99@gmail.com,021891643,"3 Rendcomb Place",Hillsborough,Auckland,1042,"New Zealand","2021-10-11 17:13:30"
4101886,Jignesh,Patel,"Shore Build Ltd",jig@shorebuild.nz,021801727,"9 CLIFTON ROAD,",,"BROWNS BAY",,,"2020-08-24 11:14:15"
9919671,Jill,,,vink.family4@gmail.com,,,,,,,"2025-03-20 16:00:26"
2396037,,,"Jill Jones",,,,,,,,"2018-11-27 20:26:43"
2396038,Jill,Jones,"Jill Jones",jill@t5consulting.co.nz,021934877,,,,,,"2018-11-27 20:26:43"
2820965,Jim,Gleeson,"KKG Limited - A Licensee of Renovation Franchise Limited",jim.gleeson@refresh.co.nz,021634766,"Level 1, 2 Woodbine Avenue,",,Greenlane,,,"2019-05-15 15:22:15"
11650016,Jim,Sui,"LCL CONSTRUCTION LIMITED",jim@lclltd.co.nz,0275260626,"3 Redfern Lane, Glenfield",Auckland,,0629,"New Zealand","2026-06-03 16:39:59"
7402645,,,"Jim's handyman",,,,,,,,"2023-05-09 14:17:55"
6027614,Jimmy,Dabro,"Coast to Coast Painters Ltd",jimmy@socialguru.co.nz,0275141561,,,,,,"2022-04-12 08:42:55"
7574223,Jimmy,Moses,"Create Renovations",createrenovations06@gmail.com,0212739700,,,,,,"2023-06-23 13:56:33"
7574239,Jimmy,Moses,"Create Renovations",jimmy@createrenovations.co.nz,0212739700,,,,,,"2023-06-23 13:56:02"
1726004,Jit,Pal,"OVI Limited",jit@nzdoc.com,0212383525,"46 Wellington Str,",,Howick,,,"2018-02-08 07:27:15"
7476486,Jiten,Patel,"JRA CONSTRUCTION LTD",Jiten@JRAConstruction.co.nz,"021 056 3445","PO Box 67022","Mount Eden, Auckland",,,,"2023-05-29 12:28:47"
12024541,,,"Jo and Ben Thomas",,,"17 Hastings Parade, Devonport",Auckland,,0624,"New Zealand","2026-09-02 17:18:43"
12024549,"Jo and Ben",Thomas,,jo.thomas334@gmail.com,,,,,,,"2026-09-02 17:20:49"
11497106,,,"Jo and Darren / Mason and Baker",,,,,,,,"2026-04-24 16:29:00"
11497107,"Jo and Darren","Mason and Baker","Jo and Darren / Mason and Baker",jemm1217@gmail.com,0211590137,"5 Devana Court, Torbay",Auckland,,0630,"New Zealand","2026-04-24 16:29:00"
2639656,Jo,Gibbs,"Jo/Lewis Gibbs",lewisandjo@actrix.co.nz,0272841334,,,,,,"2019-03-11 18:43:01"
3070726,Jo,McGuigan,,jo.mcguigan@xtra.co.nz,0273868437,"162a Atkinson Rd,",,Titirangi,,,"2019-08-16 09:26:35"
2639655,,,"Jo/Lewis Gibbs",,,,,,,,"2019-03-11 18:43:01"
5707662,Joanne,,,joannehenty@gmail.com,0211244612,,,,,,"2022-01-20 13:02:07"
5707974,Joanne,Henty,,joannehenty@gmail.com,0211244612,,,,,,"2022-01-20 14:12:28"
9198204,,,Jock,,,,,,,,"2024-09-10 20:30:34"
9198205,Jock,Matthews,"Rojolie clinic",Jock@rojolie.co.nz,021644277,"67 Green Lane East, Remuera",Auckland,,1050,"New Zealand","2024-09-17 19:58:50"
6646983,Jodi,McAlpine,,jodes_mcalpine@yahoo.co.nz,02108201604,,,,,,"2022-09-30 13:50:02"
5157311,Jodi,Milne,,Jodimilne@thephysioroom.co.nz,021415200,"68 Jutland Road",,Hauraki,,,"2021-07-23 10:13:59"
6731140,,,"Jodi Moore",,,,,,,,"2022-10-24 18:07:42"
6731141,Jodi,Moore,"Jodi Moore",steveandjodi@outlook.co.nz,0276001090,,,,,,"2022-10-24 18:07:42"
7476497,Joe,,"JRA CONSTRUCTION LTD",Joe@jraconstruction.co.nz,0212769971,,,,,,"2023-05-29 12:30:19"
4959419,Joe,Cacciopolli,,Jcaccioppoli@outlook.com,0274533878,"16 Stanmore Rd",,"Grey Lynn",,,"2021-05-25 18:40:03"
3945045,Joe,Chapman,,joe@lakesidelandscapes.co.nz,0212023449,"9a Eastcliffe Rd",,"Castor Bay",,,"2020-07-07 12:47:52"
3849318,Joe,Dunne,"kitchen studio",joemd1955@gmail.com,"021 235 9628","6 Quebec Road",,Milford,,,"2020-05-31 12:28:10"
11481273,Joel,Warren,"BURROW PROJECTS LIMITED",Burrowprojects@gmail.com,0211712158,"29 Murray Street",Drury,Auckland,2113,"New Zealand","2026-04-21 19:43:55"
4764306,Joel,Williams,"Pitch Black Construction",joel@pitchblackconstruction.co.nz,0211916191,"Flat 2, 12 Brett Avenue",Takapuna,Auckland,0622,"New Zealand","2021-03-29 13:55:38"
6198990,John,,,john@livingthedreamltd.net,021689966,,,,,,"2022-05-29 17:31:02"
1893455,"John / Jade",Powell,"Powell Homes",office@thebuildingguys.co.nz,0272727183,,,,,,"2019-11-08 11:05:24"
11055161,,,"John & Joanna",,,,,,,,"2026-01-08 18:26:50"
11055162,"John & Joanna",,"John & Joanna",Aniu_lau@hotmail.com,"+64 21 338 375","20 Bronzewing Terrace, Unsworth Heights",Auckland,,0632,"New Zealand","2026-01-08 18:26:50"
7273256,,,"John and Sharon Buckley",,,,,,,,"2023-03-31 06:48:47"
7273257,"John and Sharon",Buckley,"John and Sharon Buckley",sharoncoombes@outlook.co.nz,"0220986701 (J) - 0224979545 (S)",,,,,,"2023-03-31 06:48:47"
7228566,John,Bae,"J Project Management",john@jppm.co.nz,0212463001,,,,,,"2023-03-20 15:37:13"
5848133,John,Bradshaw,"Bradshaw & Hamilton Construction Ltd",jb.johnbradshaw@gmail.com,0274988078,,,,,,"2022-02-24 09:37:18"
3357976,John,Calder,,bscalder1428@gmail.com,0212500648,"58 Batkin Rd,",,"New Windsor",,,"2019-11-22 15:19:06"
2646679,John,Carr,carrgroup,johncarr@carrgroup.co.nz,021922440,,,,,,"2019-03-13 14:20:59"
6256246,John,Case,,jcvcontractltd@gmail.com,02040803610,,,,,,"2022-06-13 12:38:31"
3918590,,,"John Challinor",,,,,,,,"2020-06-23 09:15:17"
3918591,John,Challinor,"John Challinor",john.challinor@2degrees.nz,0226019559,"152c Parker Road, Oratia",,Auckland,0604,"New Zealand","2020-06-23 09:15:17"
4106282,John,Francis,,francis_john73@yahoo.com,0274123798,"140 Ti Rakau Drive",,Pakuranga,,,"2020-08-26 09:29:27"
5445093,,,"John Frederickson",,,,,,,,"2021-10-20 07:51:52"
5445094,John,Frederickson,"John Frederickson",taperman9@gmail.com,021534435,"6 Fernloche Place","Flat Bush",Auckland,2016,"New Zealand","2021-10-20 07:51:52"
10426379,,,"John Grey",,,,,,,,"2025-07-25 18:10:57"
10426380,"John Grey","John Grey","John Grey",jgrey@xtra.co.nz,"+64 274 937 183",,,,,,"2025-07-25 18:10:57"
4337745,John,Harrison,"Z Building and Interiors",john.zbi@outlook.com,0272520304,"16 Fairfax Ave",,Northcote,,,"2020-11-05 09:47:12"
4719225,John,Kelly,,johnkelly@xtra.co.nz,0212754360,"65 St Johns Rd",,Meadowbank,,,"2021-03-16 10:12:46"
4499661,,,"John Lam",,,,,,,,"2021-01-11 15:09:30"
4499662,John,Lam,"John Lam",johnkylam@gmail.com,0272644986,,,,,,"2021-01-11 17:05:55"
1670647,John,Lee,,hanoklee@gmail.com,,,,,,,"2018-01-11 19:53:23"
11175670,John,Mayak,,j.mayak@xtra.co.nz,"021 166 3107","358 Hillsborough Road, Hillsborough",Auckland,,1042,"New Zealand","2026-02-09 11:47:19"
3109911,John,Oliver,,john.d.oliver@zoho.com,0276036767,"14 Atarangi Rd",,Greenlane,,,"2019-08-26 14:32:51"
4921459,John,Powell,"The Building Guys",office@thebuildingguys.co.nz,02102255388,"353 Great South Road",,Greenlane,,,"2021-05-14 09:05:26"
5646860,John,Ryan,"BP Bartlett Construction",john@bartcon.co.nz,"09 263 8872",,,,,,"2021-12-23 13:35:36"
2295833,John,Spencer,"Complete Bathrooms Group NZ LTD",johnspencer@completebathrooms.co.nz,021835810,"245 Tamaki Drive",,Koimarama,,,"2018-10-17 13:47:59"
8025114,John,Stoyanof,"Dr John Stoyanof SMO Psychiatry",drjohn@xtra.co.nz,,,,,,,"2023-10-26 23:39:38"
5971670,John,Webb,,aucklandguy2000@yahoo.co.nz,0211780811,,,,,,"2022-03-28 15:27:41"
10765879,Johnny,Jordon,Haptix,Johnny@haptix.co.nz,https://haptix.co.nz/,"62 Tidal Road, Māngere",Auckland,,2022,"New Zealand","2025-11-06 20:18:20"
7196439,Johnny,Ng,"Sally and Johnny Ng and Wang",johnny.tc.ng@gmail.com,0211100060,"27A Neal Avenue",Glenfield,Auckland,0629,"New Zealand","2023-03-13 15:49:20"
5917766,,,"Jon Paul Raduch",,,,,,,,"2022-03-13 20:06:52"
5917767,"Jon Paul",Raduch,"Jon Paul Raduch",jon@raduch.co.nz,02108819684,,,,,,"2022-03-13 20:06:52"
1543734,,,Jonathan,,,,,,,,"2017-10-25 19:58:58"
1543735,Jonathan,,Jonathan,Jonathan@pickardfamily.com,021874249,,,,,,"2017-10-25 19:58:58"
4874042,Jonathan,Buchan,"kitchen studio",deflag99@gmail.com,021533810,"14 Philadelphia Avenue",,Albany,,,"2021-04-30 15:18:09"
11848814,Jonathan,Fox,,info@foxprojectmanagement.co.nz,"027 352 4509","103 McCullough Avenue, Mount Roskill",Auckland,,1041,"New Zealand","2026-07-20 16:56:12"
9255468,,,"Jondy Charles",,,,,,,,"2024-09-24 16:27:00"
9255469,Jondy,Charles,"Jondy Charles",Jondycharlesworth@gmail.com,02102321079,"18A Rewarewa Road, Te Atatū Peninsula",Auckland,,0610,"New Zealand","2024-09-24 16:27:00"
9255473,Jondy,Charles,"Jondy Charles",Jondycharlesworth@gmail.com,,,,,,,"2024-09-24 16:28:18"
9540924,JONES,Connor,"JONES PROJECTS LIMITED",jonesprojectsltd@gmail.com,"022 376 0668","10 Costley Street, Freemans Bay",Auckland,,1011,"New Zealand","2024-12-04 20:32:20"
9540923,,,"JONES PROJECTS LIMITED",,,,,,,,"2024-12-04 20:32:20"
5364292,Jonny,Campbell,,thisisaverylongloginname@gmail.com,0211907391,,,,,,"2021-09-27 15:17:11"
9965912,Jordan,Cane,"TORPEDO BAY CONSTRUCTION LIMITED",jordan@torpedobay.co.nz,0212938686,"56 Aramoana Avenue, Devonport",Auckland,,0624,"New Zealand","2025-03-31 05:26:50"
8927736,Jordan,Lance,Lance,lancejordan2003@hotmail.com,021747990,,,,,,"2024-06-30 20:39:20"
7636548,Jose,Franco,,Tamakidr@gmail.com,0212233088,,,,,,"2023-07-12 05:08:33"
1375040,Joseph,,,yuesechen@gmail.com,,,,,,,"2017-08-05 15:28:50"
2446994,Joseph,,,Josephdunno@gmail.com,0211149072,"26 Addington Ave Manurewa",,Manurewa,,,"2018-12-21 12:17:15"
3811828,Josh,Phillips,"JP BUILDERS LIMITED",jpbuildersnz@gmail.com,02040760994,,,,,,"2020-05-18 15:57:10"
5638754,Joshua,Lin,"BMH HOMES",joshualin.bmh@gmail.com,http://www.bmhhomes.nz,"Level 1, Building A, 2 Manukau Road",Epsom,Auckland,1023,"New Zealand","2021-12-20 15:11:17"
3811827,,,"JP BUILDERS LIMITED",,,,,,,,"2020-05-18 15:57:10"
7476485,,,"JRA CONSTRUCTION LTD",,,,,,,,"2023-05-29 12:28:47"
6754139,,,"Juan & Anita Powell",,,,,,,,"2022-10-28 06:36:56"
6754140,"Juan & Anita",Powell,"Juan & Anita Powell",zubv8nini@gmail.com,021954914,,,,,,"2022-10-28 06:36:56"
11474136,Jude,Smith,,judesmi@gmail.com,"027 241 1423","14 Arnold Street, Grey Lynn",Auckland,,1021,"New Zealand","2026-04-20 14:49:39"
9876081,,,"Judi Greenham",,,,,,,,"2025-03-11 10:31:01"
9876082,Judi,Greenham,"Judi Greenham",jcc.greenham@xtra.co.nz,0275588931,"139 Crossfield Road, Glendowie",Auckland,,1071,"New Zealand","2025-03-11 10:31:01"
3827377,,,Judy,,,,,,,,"2020-05-22 15:41:55"
3827378,Judy,,Judy,apandjude@gmail.com,021314331,,,,,,"2020-05-22 15:41:55"
11435280,,,"Judy Clist",,,,,,,,"2026-04-09 20:27:13"
11435281,Judy,Clist,"Judy Clist",judy.clist@orcon.net.nz,"021 550004","6 Stonedge Lane, Rosedale",Auckland,,0632,"New Zealand","2026-04-09 20:27:13"
1619902,,,"Judy Dave Thomas",judythomasnz@xtra.co.nz,,,,,,,"2024-10-08 21:54:07"
11386749,Judy,Khou,,judy.khou@gmail.com,021688194,"47 Hale Crescent",,,,,"2026-03-26 16:41:57"
1619903,Judy,Thomas,"Judy Thomas",judythomasnz@xtra.co.nz,0274190755,,,,,,"2024-10-08 21:58:12"
9315692,,,"Judy Thomas",,,,,,,,"2024-10-08 21:58:12"
10625097,Julia,Xue,"Box™ The Architect Builder",julia@box.co.nz,0272138513,,,,,,"2025-09-12 13:42:27"
6014062,Julian,Coles,"Coles Scaffolding",Admin@colesscaffolding.co.nz,"027 496 2128","51 Verran Road",,Birkdale,,,"2022-04-07 16:28:34"
9254760,,,Juliana,,,,,,,,"2024-09-24 13:51:18"
9254761,Juliana,,Juliana,julicampello@gmail.com,0273755832,"19 Newport Place, Forrest Hill",Auckland,,0620,"New Zealand","2024-09-24 13:51:18"
11555743,,,Julie,,,,,,,,"2026-05-11 11:49:28"
11555744,Julie,,Julie,Julielittle1210@gmail.com,"+64 21 442 397","24/72 Huntington Drive, Huntington Park",Auckland,,2013,"New Zealand","2026-05-11 11:49:28"
8440412,,,"Julie Armstrong",,,,,,,,"2024-02-28 22:16:56"
8440413,Julie,Armstrong,"Julie Armstrong",juliearmstrong100@gmail.com,021866181,,,,,,"2024-02-28 22:16:56"
2041097,Julie,Liddle,,turk.judit@gmail.com,021370373,"116 Seaview Rd",,Glenfield,,,"2018-08-09 10:52:52"
2323818,julie,norris,harcourts,julie.norris@harcourts.co.nz,0276486861,,,,,,"2018-10-29 18:28:24"
4279123,June,Sengson,,sbj614@yahoo.co.nz,0211664678,"16 Cayman Place",,"Unsworth Heights",,,"2020-10-20 10:05:45"
9019866,Justine,Falken,,Justinefalken@gmail.com,0212669101,,,,,,"2024-07-24 23:28:28"
2399290,,,"K N Construction LTD",,,,,,,,"2018-11-28 17:20:47"
6113507,Kali,Windmill,,plzbleeit@gmail.com,023102274339,"11 Orion Place",,Hillcrest,,,"2022-05-05 14:02:25"
8878904,,,"Kamala Busch-Marsden",,,,,,,,"2024-06-17 19:43:34"
8878905,Kamala,Busch-Marsden,"Kamala Busch-Marsden",kamala.bibi@gmail.com,0225924615,"72 Hinemoa Street, Birkenhead",Auckland,,0626,"New Zealand","2024-06-17 19:43:34"
1412054,,,Kanti,,,,,,,,"2017-08-27 10:29:40"
1412055,Kanti,,Kanti,nalkev1@gmail.com,,,,,,,"2017-08-27 10:29:40"
12141549,,,"Kanwar Hanspal",,,"10 Backridge Way, Flat Bush",Auckland,,2019,"New Zealand","2026-10-02 14:06:11"
12141550,Kanwar,Hanspal,"Kanwar Hanspal",hanswerk.builds@gmail.com,"+64 210 886 0115",,,,,,"2026-10-02 14:06:11"
1740399,,,"Karen Cooke",,,,,,,,"2018-02-14 19:21:19"
1740400,Karen,Cooke,"Karen Cooke",cookek@xtra.co.nz,02102384880,,,,,,"2018-02-14 19:21:19"
11092020,Karen,Orsler,"kitchen studio",mcvaykaren@hotmail.com,0273603034,"3/32 Braemar Road, Castor Bay",Auckland,,0620,"New Zealand","2026-01-17 11:02:01"
10301902,,,"Karen Ward",,,,,,,,"2025-06-24 21:25:54"
10301903,Karen,Ward,"Karen Ward",wards202@gmail.com,"+64 21 175 8092","202 Waitakere Road, Waitākere",Auckland,,0782,"New Zealand","2025-06-24 21:25:54"
4424030,Karena,England,,karena_england@hotmail.com,0274527362,"3 Waterton Place",,"Avondale Place",,,"2020-12-04 10:11:00"
6549182,Karin,,,karincooper@xtra.co.nz,0274912158,,,,,,"2022-09-02 07:53:07"
6570076,Karina,Walsh,,karina@karinawalsh.co.nz,021611483,"53 Hakanoa St. Grey Lynn",Auckland,,,,"2022-09-09 11:37:08"
9495756,"Karl Erik",Finstad,,karlerik.finstad@gmail.com,021841672,,,,,,"2024-11-22 07:47:56"
4854450,,,"Karl Francis",,,,,,,,"2021-04-26 08:21:06"
4854451,Karl,Francis,"Karl Francis",karl@viewtv.co.nz,021799842,"1 Richards Road","Dairy Flat",Aucklnad,0794,"New Zealand","2021-04-26 08:21:06"
5718712,Karl,Hazewinkel,,karlhaze16@gmail.com,0211798251,"TOP 10 23 Marie Ave, Red Beach",,"Red Beach",,,"2022-01-24 14:31:57"
4086061,Karl,Lloyd,"Fletcher Living",KLloyd@frl.co.nz,"027 559 7753","810 Great South Road",,Penrose,,,"2020-08-18 15:10:29"
11310321,Karl,MCGHIE,"WALL 2 WALL LIMITED",karl@wall2wall.co.nz,"021 795 434","59 Victoria Street, Onehunga
Suite 5",Auckland,,1061,"New Zealand","2026-03-09 20:19:42"
3320687,Karminder,Singh,Mobil,mobil_the_gardens@hotmail.co.nz,0211517455,,"126 Hill Road, Manurewa, Auckland 2105",,,,"2019-11-08 10:30:34"
7816295,Karwankurd,,"Kiwi painters ltd",Karwankurd22@gmail.com,+64211188748,,,,,,"2023-08-31 07:53:57"
4695032,Kashyap,Harikumar,Refresh,kashyap.harikumar@refresh.co.nz,0210755515,"3/B Henry Rose place,",,Rosedale,,,"2021-03-09 14:45:31"
2360659,Kate,,"Core Collective - Elite Performance Pilates",hello@corecollective.co.nz,0225146382,"90 Wellesley Str - SHED 6B, CITY WORKS DEPOT",Auckland,CBD,0632,"New Zealand","2018-11-13 10:25:22"
7653492,,,"Kate Darroch",,,,,,,,"2023-07-17 13:29:38"
7653493,Kate,Darroch,"Kate Darroch",katedarroch@yahoo.co.nz,027 958 8899,"27b Prospect Terrace Milford. 
Auckland","Milford,",Auckland,0620,"New Zealand","2023-07-17 13:29:38"
5565635,Kate,Magness,"Property & Project Services LTD",katepropertyamin@gmail.com,021760065,"3006 GREAT NORTH ROAD",,"New Lynn",,,"2021-11-24 11:39:47"
10540112,Kate,Stevens,,katestevens505@gmail.com,"027 939 2656",,,,,,"2025-08-25 11:26:42"
9623848,"Kate Woodward","Kate Woodward",Milwaukee,Kate.Woodward@milwaukeetools.co.nz,"+64 21 047 9438",,,,,,"2025-01-08 16:25:35"
2434959,Kathrine,Wooley,,john2858@slingshot.co.nz,0211621683,"5 Orakei Rd",,Remuera,,,"2018-12-19 08:09:36"
6525459,Kathryn,,,kathkiwi@hotmail.com,021977065,,,,,,"2022-08-26 07:11:48"
7391840,Kathryn,,,peteandkath@xtra.co.nz,0275353450,,,,,,"2023-05-05 10:26:58"
9525628,,,"Kathryn and Kevin Wilson",,,,,,,,"2024-12-01 22:30:28"
9525629,"Kathryn and Kevin",Wilson,"Kathryn and Kevin Wilson",kathryn@kractors.co.nz,0276286022,"19 Nelson Street",Helensville,Auckland,0800,"New Zealand","2024-12-01 22:30:28"
11088252,Kathryn,Healey,,kathrynhealey022@gmail.com,,"14 Rimu Rise, Albany",Auckland,,0632,"New Zealand","2026-01-16 13:59:18"
2695745,,,"Kathryn/John Wooley",,,,,,,,"2019-03-28 08:42:49"
6645729,,,"Kathy Tanner",,,,,,,,"2022-09-30 05:57:54"
6645730,Kathy,Tanner,"Kathy Tanner",kathytannerkt226@gmail.com,0272890039,,,,,,"2022-09-30 05:57:54"
9800907,,,"Katie & Julian Benefield",,,,,,,,"2025-02-20 10:29:30"
9800908,"Katie & Julian",Benefield,"Katie & Julian Benefield",Katiejbenefield@gmail.com,021528431,,,,,,"2025-02-20 10:29:30"
5517347,,,"Katie Bates",,,,,,,,"2021-11-10 18:22:32"
5517348,Katie,Bates,"Katie Bates",foketi.bates@gmail.com,021776628,"42 Corunna Road,","Milford,",Auckland,0620,"New Zealand","2021-11-10 18:22:32"
4135008,Katie,Wright,,wrightwhanau@outlook.com,021396933,"32 Allington Rd",,Massey,,,"2020-09-15 14:00:43"
1625021,,,"Katrina Florence",,,,,,,,"2017-12-06 18:44:31"
1625022,Katrina,Florence,"Katrina Florence",katrina.florence@gwf.com.au,021648739,,,,,,"2017-12-06 22:01:04"
2434364,Kaycee,Nichloas,"K N Construction LTD",kaycee@knconstruction.co.nz,0220588600,"39 Waiohua Rd",,Greenlane,,,"2018-12-14 11:30:25"
2399291,Kaycee,Nicholas,"K N Construction LTD",kaycee@knconstruction.co.nz,0220588600,"46D Rawhitiroa Rd",,Kohimarama,,,"2018-11-28 17:20:47"
2439482,Kaycee,Nicholas,"K N Construction LTD",kaycee@knconstruction.co.nz,0220588600,"3c Torrington Crescent,",,"Glenn Innes ",,,"2018-12-18 08:43:29"
2547665,Kaycee,Nicholas,"K N Construction LTD",kaycee@knconstruction.co.nz,0220588600,"17 Hayes Place,",,"Halfmoon Bay",,,"2019-02-07 12:25:16"
9781070,Keagan,PETERS,"PETERS PRECISION BUILDERS LIMITED",ppb.ltd.nz@gmail.com,"0210 336 583","105A Ridge Road, Howick",Auckland,,2014,"New Zealand","2025-02-16 10:16:05"
12132168,Keira,Shi,"BOX BUILD",keira@box.co.nz,"022 0933 018",,,,,,"2026-09-30 16:08:50"
6646937,Keith,Dowdle,,keith.dowdle@raywhite.com,021877905,,,,,,"2022-09-30 12:59:37"
1432315,,,Kellie,,,,,,,,"2017-09-06 18:11:36"
1432316,Kellie,,Kellie,Kellie.hillsboroughhubby@gmail.com,,,,,,,"2017-09-06 18:11:37"
10595188,"Kellie and Aaron",Watkinson,,kwatkinsonnz@gmail.com,,,,,,,"2025-09-07 19:39:08"
9301603,,,Kelly,,,,,,,,"2024-10-04 16:08:23"
9301604,Kelly,,Kelly,kellyscrimgeour@gmail.com,0211609101,,,,,,"2024-10-04 16:08:23"
1895517,"Kelly / Taylor",Hart,,taylorhunts@gmail.com,0223446810,"5a Halder Place",,Torbay,,,"2018-04-30 06:28:19"
1945394,Kelly,Samson,,samsonluck@gmail.com,0275555907,"12 Tiri View Place",,"Browns Bay",,,"2018-05-16 16:30:23"
4878146,,,"Kelvin Wishart",,,,,,,,"2021-05-02 11:55:24"
4878147,Kelvin,Wishart,"Kelvin Wishart",Kkwishart@xtra.co.nz,021403869,"10 Second Ave, Stanley Point, Auckland",,,0624,,"2021-05-02 11:55:24"
5107312,"Ken & Brenda",Brownlie,"kitchen studio",kkbandbb@hotmail.com,0274922507,"46 Sunnyvale Road",,Massey,,,"2021-07-07 15:46:02"
1342588,Ken,Bean,,kbean45@yahoo.co.nz,,"11 Wimbledon Way, Auckland",,,,,"2017-07-19 17:29:58"
2707501,Ken,Griffin,Cameron,kinkazano@gmail.com,0274804834,"186 Onewa Rd",,Birkenhead,,,"2019-04-02 09:54:50"
10937398,,,"KENDRICK CONSTRUCTION LIMITED",,,,,,,,"2025-11-26 14:40:45"
8895264,,,Kenny,,,,,,,,"2024-06-20 23:36:44"
8895265,Kenny,,Kenny,kennythe1@hotmail.com,,,,,,,"2024-06-20 23:36:44"
2336704,Keri,Milne-Ihimaera,,keri.mihi@gmail.com,02108724885,"79 Beeston Crescent,",,Manurewa,,,"2018-11-02 16:30:05"
10112178,,,"Keryn Van Shaik",,,,,,,,"2025-05-07 22:43:33"
10112179,Keryn,"Van Shaik","Keryn Van Shaik",vanshaik@gmail.com,"+64 27 582 4517","2A Takarunga Road, Devonport",Auckland,,0624,"New Zealand","2025-05-07 22:43:33"
9431322,Kevin,,"Waitemata Backcare Beds",wbcb.silverdale@gmail.com,"09 421 1307","Shop 3, 61 Silverdale Street",Silverdale,Auckland,0932,"New Zealand","2024-11-06 21:44:02"
2298977,Kevin,Heinftman,"Inno Home LTD",info@innohome.co.nz,0273632300,"22 Shakespeare Rd",,"Army Bay",,,"2018-10-18 13:31:08"
1610178,,,"Kevin Kurtovich",,,,,,,,"2017-11-28 19:22:39"
1610179,Kevin,Kurtovich,"Kevin Kurtovich",kevin@kkprod.co.nz,0274440077,,,,,,"2017-11-29 21:21:12"
5598304,Kevin,Lee,,khlee@ksholdings.co.nz,021928747,,,,,,"2021-12-06 09:18:11"
7894510,Kevin,longley,"Mount Eden Normal Primary School",Kevin.j.longley@gmail.com,0212611535,,,,,,"2023-09-21 20:21:50"
11220335,,,"Kevin Smith",,,,,,,,"2026-02-16 17:26:59"
11220336,Kevin,Smith,"Kevin Smith",kevin.smith@ladelle.com,"+64 27 968 6066",,,,,,"2026-02-16 17:26:59"
6614630,Keyla,Wareham,Manta,accounts@mantaltd.com,"021 043 7034",,,,,,"2022-09-21 13:41:00"
6750446,"Kieran Murphy",Murphy,NCS,Kieran@ncsnz.co.nz,021620154,,,,,,"2022-10-27 10:33:58"
3696313,Kieren,Mallon,Meridian,kieren@meridian.org.nz,021987750,"2 Archer Rd",,Glenfield,,,"2020-03-24 13:17:43"
9422683,,,Kim,,,,,,,,"2024-11-05 05:45:14"
9422684,Kim,,Kim,kimt888@qq.com,0210684365,"18 Oakway Drive, Schnapper Rock",Auckland,,0632,"New Zealand","2024-11-05 05:45:14"
3628924,Kim,Jones,"About Body Corporates",kim@aboutbodycorp.co.nz,021545716,"8 Carlton Gore Road",,Grafton,,,"2020-03-02 16:07:40"
5703997,"Kimberly & Ignacio",,,kimberly.ignacio@yahoo.co.uk,0210442805,,,,,,"2022-01-19 18:03:56"
3658626,,,"Kinetic Projects",,,,,,,,"2020-03-10 12:13:37"
1540987,,,"Kingdom Construction",,,,,,,,"2017-10-24 19:50:05"
1547003,Kirill,,,kirill-nz@hotmail.com,0212109610,,,,,,"2017-10-26 22:37:51"
4323795,Kiro,Gurshin,,kiro@portofino.co.nz,021364400,"5 Karori Cresc",,Orakei,,,"2020-11-02 13:15:57"
2479748,,,"kitchen studio",,,,,,,,"2022-01-19 15:27:57"
7544982,,,"Kitchen Studio North Shore",,,,,,,,"2023-06-15 14:45:33"
10458133,,,"Kitchen Studio NS Projects",,,,,,,,"2025-08-04 12:47:15"
5125561,,,"Kitchen Studio-Hamilton",,,,,,,,"2021-07-13 14:30:06"
7816294,,,"Kiwi painters ltd",,,,,,,,"2023-08-31 07:53:57"
3581384,,,"Kiwibok Developments LTD",,,,,,,,"2020-02-17 11:23:45"
2705143,,,"KKG Limited - A Licensee of Renovation Franchise Limited",,,,,,,,"2019-04-01 17:58:41"
2820964,,,"KKG Limited - Refresh Renovations",,,,,,,,"2019-05-14 16:47:47"
2775623,,,"KNS Construction",,,,,,,,"2019-04-28 18:56:25"
4957911,,,"Kohi to Kohi Chapter Ltd",,,,,,,,"2021-05-25 11:31:31"
9919741,,,"Kristen Kelly",,,,,,,,"2025-03-20 16:18:09"
9919742,Kristen,Kelly,"Kristen Kelly",Kristenk.ipad@icloud.com,"021664 498","19 Rugby Road, Birkenhead",Auckland,,0626,"New Zealand","2025-03-20 16:18:09"
9606793,,,"Kristian Hutton",,,,,,,,"2024-12-31 12:43:37"
9606794,Kristian,Hutton,"Kristian Hutton",huttonkristian@gmail.com,0273469831,"9D Clarke Road, Onehunga",Auckland,,1061,"New Zealand","2024-12-31 12:43:37"
11384370,,,"Kristin and Stuart Pedersen",,,,,,,,"2026-03-26 07:03:21"
11384371,"Kristin and Stuart",Pedersen,"Kristin and Stuart Pedersen",2krispedersen@gmail.com,0210526028,,,,,,"2026-03-26 07:03:21"
11384386,,,"Kristin and Stuart Pederson",,,,,,,,"2026-03-26 07:06:42"
11384387,"Kristin and Stuart",Pederson,"Kristin and Stuart Pederson",2krispedersen@gmail.com,0210526028,"257 Upper Waiwera Road, Puhoi",Warkworth,Auckland,0994,"New Zealand","2026-03-26 07:06:42"
11627362,Kristina,Turnbull,,kristina.g.turnbull@gmail.com,02108265602,"66B Kurnell Drive, Botany Downs",Auckland,,2010,"New Zealand","2026-05-28 12:46:28"
6754050,,,"Kunal Shahaney",,,,,,,,"2022-10-28 05:51:05"
6754051,Kunal,Shahaney,"Kunal Shahaney",kunalshahaney@hotmail.com,0223333267,"143 Solar Road","Glen Eden",Auckland,0602,"New Zealand","2022-10-28 05:51:05"
2142221,Kyle,Wright,,kyle@joyn.co.nz,0210783995,"7a Paddington Str",,"Glen Innes",,,"2018-08-13 17:01:43"
5133894,Kymberli,Napier,,Kymberli@orcon.net.nz,0211338059,"56 Travis View Drive",,"Fairview Heights",,,"2021-07-15 12:48:38"
4314391,,,"La Luna Hair",,,,,,,,"2020-10-29 11:25:24"
11641260,Lalit,Singh,"Standard Builders 2011 Ltd",standards2011@hotmail.co.nz,0278004399,"203 Kirkbride Road, #7, Māngere",Auckland,,2022,"New Zealand","2026-06-02 06:14:09"
8927735,,,Lance,,,,,,,,"2024-06-30 16:42:02"
4246545,Lance,Muir,,lancemuir@hotmail.com,021422880,"24 McDowell cres",,Hillcrest,,,"2020-10-08 16:26:52"
9260075,,,"Lance Reynolds",,,,,,,,"2024-09-25 14:32:16"
9260076,Lance,Reynolds,"Lance Reynolds",Lsreynoldsnz@hotmail.com,021526237,"55 Princes Street, Northcote Point",Auckland,,0627,"New Zealand","2024-09-25 14:32:16"
11755177,"Lanson and Melody",Kuo,"kitchen studio",lanbbit@hotmail.com,0224011423,"7 Mackwell Road, Fairview Heights",Auckland,,0632,"New Zealand","2026-06-30 13:54:30"
9065881,,,"Lara and Pete Syddall",,,,,,,,"2024-08-06 20:06:56"
9065882,"Lara and Pete",Syddall,"Lara and Pete Syddall",lara@elysiumfieldsnz.com,0273829020,,,,,,"2024-08-06 20:06:56"
9083172,"Lara and Pete",Syddall,"Lara and Pete Syddall",lsyddall@nhs.school.nz,,,,,,,"2024-08-12 07:55:18"
7445857,Lara,Campbell,"The Letting Company",office@thelettingcompany.co.nz,0220470480,"PO Box 40571",Glenfield,Auckland,0747,"New Zealand","2023-05-19 15:22:41"
8997531,,,"Latitude 36 Construction Management Ltd",,,,,,,,"2024-07-18 17:36:10"
11650015,,,"LCL CONSTRUCTION LIMITED",,,,,,,,"2026-06-03 16:39:59"
4259977,Leah,Chen,,leahmchen@gmail.com,0223522139,"11 Gleneagles Grove",,"Wattle Downs",,,"2020-10-13 12:58:37"
10437384,"Leanne & Jason",Midgley,,landjmidgley@xtra.co.nz,021688164,,,,,,"2025-07-29 16:12:01"
3466883,,,"Leanne Kirton",,,,,,,,"2020-01-11 12:20:59"
3466884,Leanne,Kirton,"Leanne Kirton",leannel@xtra.co.nz,096385545,,,,,,"2020-01-11 12:20:59"
4849077,Lee,,,leecarolineart@gmail.com,"22 082 2514","22B Comins Crescent","Mission Bay",Auckland,1071,,"2021-04-23 07:22:50"
2148860,,,"Lee Billington",,,,,,,,"2018-08-15 17:09:24"
2148861,Lee,Billington,"Lee Billington",lee.billington@xtra.co.nz,021830886,,,,,,"2018-08-15 17:09:24"
9666336,Lee,Oconnell,,lee.oconnell@yahoo.com.au,,,,,,,"2025-01-20 11:11:22"
3190081,Lee,Studholme,,studholme@mac.com,0272354242,"34 Emilia Nixon Lane",,"Mt Wellington",,,"2019-09-23 15:39:43"
11881441,Leigh,McMaster,,leighmcmaster@gmail.com,,"2 Pollen Street, Grey Lynn",Auckland,,1021,"New Zealand","2026-07-28 18:09:07"
8502395,Leighton,,,leighton@abbot.net.nz,0211117556,"22 Mappin Place",Chatswood,Auckland,0626,"New Zealand","2024-03-12 20:42:51"
1684905,Leila,Brkic,,leilabee@live.com,0212083716,"53 Gowing Drive",,"Meadow Bank",,,"2018-01-18 20:05:39"
9423090,Leith,Kawana,"DONE RIGHT BUILDERS LIMITED",leith@drb.co.nz,0221758705,"35 Woodside Avenue, Northcote",Auckland,,0627,"New Zealand","2024-11-05 08:04:40"
6002847,lennon,Diniz,"Asset Construction",lennon@assetconstruction.co.nz,021871571,,,,,,"2022-04-05 13:12:21"
6878275,,,"Leon & Jen Olsen",,,,,,,,"2022-12-05 13:02:47"
6878276,"Leon & Jen",Olsen,"Leon & Jen Olsen",leon-jen@xtra.co.nz,02102786977,,,,,,"2022-12-05 13:02:47"
11200476,,,"Leone Rogers",,,,,,,,"2026-02-11 12:48:21"
11200477,Leone,Rogers,"Leone Rogers",leoner@warwick.co.nz,,"39B Chivalry Road, Glenfield",Auckland,,0629,"New Zealand","2026-02-11 12:48:21"
5378058,Les-Judy,Howe,,leshowe06@gmail.com,094799773,"7 Centorian Drive",,"Windsor Park",,,"2021-09-30 15:02:24"
4413532,Lesley,Chapman,,lesmareechapman@gmail.com,,"25b Northboro Rd",,"Hauraki Corner",,,"2020-11-30 16:35:14"
6124159,lesley,morris,,matters@bartcon.co.nz,092638872,,,,,,"2022-05-09 16:16:49"
1901059,,,"Lewis Build",,,,,,,,"2018-04-29 16:05:58"
10231669,,,"LEWIS BUILD LIMITED",,,,,,,,"2025-06-06 15:56:51"
3383885,,,"Lewis Build Ltd",,,,,,,,"2019-11-29 09:38:21"
2417494,,,"Lewis Construction",,,,,,,,"2018-12-06 13:42:02"
1969200,Lewis,Lu,,lewis.lu32@gmail.com,021707368,"217 Lonely Track Rd,",,Albany,,,"2018-05-28 12:31:09"
6059505,Liam,Cavanagh,,LTPC.CAV@GMAIL.COM,02108601110,,,,,,"2022-04-21 08:37:23"
3635802,Liam,Murphy,,ljmurphy@xtra.co.nz,0276965400,"1 Portal Place",,"Murrays Bay",,,"2020-03-03 16:27:54"
6038235,Liam,Pride,,liam.pride@jmp.co.nz,+64021660961,"1024 Scenic Dve",,Swanson,,,"2022-04-20 11:03:25"
2930588,,,"Licensed Reclads Limited",,,,,,,,"2019-06-20 20:07:45"
1675941,Lili,Pal,"nexus exterior ltd",lili@nexusexteriors.co.nz,02102777307,,,,,,"2024-05-06 06:51:13"
5974731,Lily,,,callalilyphi@gmail.com,0224633504,,,,,,"2022-03-29 05:49:14"
4684908,Lima,Key,,key.alailima@yahoo.co.nz,0211834920,"6 Motu Place",,"Mount Wellington",,,"2021-03-05 15:39:57"
12152563,"Lincoln & Yanina",Macintyre,,Lincoln@advanceflooringsystems.com,"021 228 5327","6 Noel Place, Mount Roskill",Auckland,,1041,"New Zealand","2026-10-06 15:36:05"
3433150,Linda,Moller,"Eco Smart",linda@eco-smart.nz,0223703003,,,,,,"2019-12-19 16:13:48"
3440098,Linda,Moller,Eco-Smart,linda.ecosmarthomes@gmail.com,,,,,,,"2019-12-27 12:38:04"
6133822,Lindsay,Thomas,,lnj_thomas@xtra.co.nz,0212628377,"1/236 Lindsay Rd",,Lynfield,,,"2022-05-25 09:28:35"
7837246,Ling,Liu,,lingliu1791@gmail.com,021784463,,,,,,"2023-09-06 18:05:08"
7184009,,,"Ling Zhou",,,,,,,,"2023-03-09 18:37:44"
7184010,Ling,Zhou,"Ling Zhou",ling.ling.zhou@me.com,0061450631886,,,,,,"2023-03-09 18:37:44"
5484060,,,Lisa,,,,,,,,"2021-11-01 15:44:21"
5484061,Lisa,Dowson,Lisa,lisadowson@gmail.com,0212584865,,,,,,"2021-11-01 15:44:21"
3031289,Lisa,Huang,,pisahuang@hotmail.com,0221948166,,,,,,"2019-07-29 08:45:42"
1683688,Lisa,Zhou,,shasha9989@gmail.com,021880993,"69a Alexander Str",,"Cockle Bay",,,"2018-01-18 10:55:29"
11483709,,,Livy,,,,,,,,"2026-04-22 05:47:23"
11483710,Livy,,Livy,o.mulyono@gmail.com,0211428850,"27 Speedy Crescent, Hillcrest",Auckland,,0627,"New Zealand","2026-04-22 05:47:23"
5304222,Lizette,Oberholster,"Arrowsmith Builders LTD",lizette@arrowsmithbuilders.co.nz,,,,,,,"2021-09-08 08:39:49"
4951861,Lizzie,McGowan,,liz.zie@hotmail.com,0210544997,"23 Clayburn Rd",,"Glen Eden",,,"2021-05-23 17:35:55"
4455527,Lloyd,Henson,,lloydhenson@gmail.com,0210657505,"7 Balmain Rd",,Birkenhead,,,"2020-12-15 12:03:00"
1540693,,,"Locky McGregor",,,,,,,,"2017-10-24 16:58:27"
1540694,Locky,McGregor,"Locky McGregor",locky_mcgregor@yahoo.com,locky_mcgregor@yahoo.com,,,,,,"2017-10-24 16:58:27"
1647643,,,"Look Makeover Limited",,,,,,,,"2017-12-20 14:18:56"
9781088,Lorenzo,Larghi,"Alaska Construction + Interiors",lorenzo.larghi@alaska.co.nz,https://alaska.co.nz/,,,,,,"2025-02-16 10:52:47"
4143368,,,"Loretta Kong",,,,,,,,"2020-09-07 15:41:29"
4143369,Loretta,Kong,"Loretta Kong",accounts@littleeasy.co.nz,021872187,,,,,,"2020-09-07 15:41:29"
11699833,"Loris & Peter",Edwards,,loris.edwards@outlook.com,"021 027 52085","66A Kurnell Drive, Botany Downs",Auckland,,2010,"New Zealand","2026-06-16 11:08:50"
11462250,Lorraine,James,,ldjames@xtra.co.nz,021731000,"20A Highland Road, Mount Albert",Auckland,,1025,"New Zealand","2026-04-16 13:47:36"
9458595,Lou,Millikin,"BrettLou Millikin",millikins4@outlook.com,,"40 Ladies Mile, Manly",Whangaparāoa,Auckland,0930,"New Zealand","2024-11-13 21:15:22"
5703429,Lou/Shauna,Patroni,"kitchen studio",shaunapatroni@gmail.com,02143802,"103 Taha Rd,",,Waimauka,,,"2022-01-19 15:33:46"
3207820,,,"Louise Broughton",,,,,,,,"2019-09-29 12:29:09"
3207821,Louise,Broughton,"Louise Broughton",lou.broughton@gmail.com,021566171,,,,,,"2019-09-29 12:29:09"
3503028,Louise,Saunders,,louisemarysaunders@gmail.com,0225689339,"55 King edward St,",,Sandringham,1025,,"2020-01-24 11:47:07"
2052724,Louise,Yang,,Louise.yang@QQ.com,0279666888,,,,,,"2018-07-04 19:37:16"
8681633,,,Lousi,,,,,,,,"2024-04-26 22:48:49"
8681634,Lousi,Pendergrast,Lousi,ldbpen@gmail.com,02102239581,,,,,,"2024-04-29 06:49:46"
3281873,,,"LSC Shopfitting",,,,,,,,"2019-10-25 12:20:48"
4978050,,,"Lucas Building Solutions",,,,,,,,"2021-05-31 16:49:41"
7126283,Lucas,"Tomaz de Aquino","MIGHTY BUILDERS LTD",lucasdeaquino.adv@hotmail.com,"021 148 2592",,,,,,"2023-02-22 17:32:08"
8149725,,,"Luis Porto",,,,,,,,"2023-11-30 08:18:27"
8149726,Luis,Porto,"Luis Porto",portoluisotavio@gmail.com,+64275771132,"12B Polkinghorne Drive","Manly, Whangaparāoa",Auckland,0930,"New Zealand","2023-11-30 08:18:27"
5590237,Luke,,"JP BUILDERS LIMITED",lukessmith@built.net.nz,,,,,,,"2021-12-02 11:52:16"
10985276,,,Luke,,,,,,,,"2025-12-09 19:23:37"
10985277,Luke,wheeler,"Luke wheeler",ldwheeler2000@yahoo.com,0273476292,"9 Garmons Way, Castor Bay",Auckland,,0620,"New Zealand","2025-12-09 22:11:37"
10985647,,,"Luke wheeler",,,,,,,,"2025-12-09 22:11:37"
6693152,Lynda,Mackrory,"ORIGIN Concepts Ltd",lynda.mackrory@refresh.co.nz,"0800 125 406",,,,,,"2022-10-13 05:05:32"
11649471,Lynda,Saifiti,,lyndasaifiti@gmail.com,"021 717 095","51 Ocean View Road, #1, Hillcrest",Auckland,,0627,"New Zealand","2026-06-03 14:52:09"
3874208,,,lynley,,,,,,,,"2020-06-09 10:48:05"
3874209,Lynley,,lynley,lynleydavidson@gmail.com,0276793882,,,,,,"2020-06-09 10:48:05"
6022187,,,"Lynn Chandra",,,,,,,,"2022-04-10 17:01:28"
6022188,Lynn,Chandra,"Lynn Chandra",lynnchandra@gmail.com,+61487254591,,,,,,"2022-04-10 17:01:28"
6433780,Lynne,Field,,hibiscus.field@xtra.co.nz,0212118358,"39 The Grove","Red Beach",,0932,"New Zealand","2022-08-02 06:18:19"
5192443,Lynne,Grant,,lynnegrant@lgp.co.nz,0212323050,"29K St Stephen's Ave",,Parnell,,,"2021-09-15 10:16:28"
2569735,Machael,Mason,"NZ Treatments and Spraying",nz_michael@hotmail.com,0211472292,"158 Parker Rd",,Oratia,,,"2019-02-14 17:28:07"
10536232,,,"MADDREN HOMES LIMITED",,,,,,,,"2025-08-22 20:22:25"
4817309,Madeleine,Otway,"MITSUBISHI HEAVY INDUSTRIES",admin_hq@mhiaa.com.au,+61287747558,"Block E, 391 Park Road , 2143",NSW,"Regents Park",2143,Australia,"2021-04-14 15:38:26"
3658627,Madelene,Bock,"Kinetic Projects",madelene@kineticpro.com.au,"+61 487007807","PO Box 1251",Mudgeeraba,Qld,4213,Australia,"2020-03-10 12:13:37"
6844538,Madhuri,Vashisht,"Dulux Construction Solutions",madhuri.vashisht@dulux.co.nz,021786970,,,,,,"2022-11-23 14:56:09"
6823190,,,"Madison Building",,,,,,,,"2022-11-17 06:56:18"
6996326,Madline,R,,mr@ufl.co.nz,,,,,,,"2023-01-19 11:29:34"
2255042,Mahesh,Arukala,"NZ Treatments and Spraying",umamahesh.goud@gmail.com,02102202128,"1b Susanne Place",,Pakuranga,,,"2018-10-01 16:51:33"
3205010,Mahmoud,Zarif,,mn.zarif@yahoo.co.nz,0211218599,"8/30 Roanoke Way",,Albany,,,"2019-09-27 13:55:18"
2315803,Mak,Higgins,"By Accident",mark@byaccident.co.nz,021453357,"14 Enterprise Str",,Birkenhead,,,"2018-10-25 12:00:48"
7489283,,,"MAKESPACE GROUP LIMITED",,,,,,,,"2023-06-01 10:05:48"
3679823,Malcolm,Mclagan,,m.mclagan@hotmail.com,021725029,"14 Bard Place",,Golflands,,,"2020-03-17 12:45:59"
5422046,Malcolm-Marian,Black,,mr.black@xtra.co.nz,"021 325 145","7 Rivendell Place",,Warkworth,,,"2021-10-13 11:31:20"
6236737,MALTI,KUMAR,,Malti@patelnand.co.nz,"021 529434",,,,,,"2022-06-07 16:51:32"
9671472,,,"MANDER BUILDERS LIMITED",,,,,,,,"2025-01-21 09:18:36"
6338896,Mandy,,,mandy@total-paint.co.nz,0211706340,,,,,,"2022-07-05 15:01:55"
5933106,,,"Mango Communications Aotearoa",,,,,,,,"2022-03-17 07:51:21"
6549247,Manini,Hallikeri,,mhallikeri@gmail.com,02102730059,,,,,,"2022-09-02 08:18:28"
2639607,Manpreet,Singh,"Rockwell Contruction Ltd",mp360000@gmail.com,021360000,,,,,,"2019-03-11 18:18:57"
6614629,,,Manta,,,,,,,,"2022-09-21 13:41:00"
2670705,,,"Manzis Build",,,,,,,,"2019-03-21 15:03:22"
7870519,,,"MAPLE LEAF CONSTRUCTION LIMITED",,,,,,,,"2023-09-15 07:04:14"
2341669,Marc,Jamieson,,marc@importdistribution.co.nz,021394840,"52 Galway Str",,Onehunga,,,"2018-11-05 16:17:52"
1935097,Marcel,Dewerse,,md.dewerse@xtra.co.nz,0274763376,"32 Taikata Rd,",,"Te Atatu Peninsula",,,"2018-05-14 09:37:04"
3155020,Marcel,Fouche,,4marcelnz@gmail.com,0212645126,"1/161 Stredwick Dve",,Torbay,,,"2019-09-11 13:10:59"
4228264,Marek,Kozub,,marekk@xtra.co.nz,0272821346,"11 Gleneagles Grove",,"Wattle Downs",,,"2020-10-02 16:03:03"
10729927,Margie,Gilbride,,margieg_8585@yahoo.com,02108195558,"168 Mokoia Road, Chatswood
3B",Auckland,,0626,"New Zealand","2025-10-07 20:05:07"
4561440,Maria,Chin,"Daughter - Helen",jmchin41@yahoo.com,0212545088,"12 Netherton St",,"New Windsor",,,"2021-01-29 09:23:23"
11327008,,,"Maria Collinson",,,,,,,,"2026-03-12 16:22:35"
11327009,Maria,Collinson,"Maria Collinson",marialuisacollinson@hotmail.com,"+64 274 970 777","1 Arney Road, Remuera",Auckland,,1050,"New Zealand","2026-03-12 16:22:35"
3039491,Maria,Downie,,mfmd1@xtra.co.nz,021820538,"11 Glassonby Rd.",,Northpark,,,"2019-08-02 09:01:46"
2526069,Maria,Dunn,,mariamaudie@gmail.com,0212466210,"6 Arden Crt,",,"Clover Park",,,"2019-02-01 12:37:07"
4387833,Maria,Swainson,"kitchen studio",swainsons1@yahoo.com,0211285510,"18 English Oak Drive",,"Schnapper Rock",,,"2020-11-20 10:44:22"
1859654,Marianna,O'Brien,,designingspaces@xtra.co.nz,021889111,"19 Corinth Street",,Meadowbank,,,"2018-04-11 14:32:36"
5125562,Marianne,Booner,"Kitchen Studio-Hamilton",Marianneb@kitchenstudiotga.co.nz,0212890290,"46a Maritime Terrace",,Birkenhead,,,"2022-01-11 10:20:55"
11189723,,,"Mariano Fernandez - Soto",,,,,,,,"2026-02-09 18:42:09"
11189724,Mariano,"Fernandez - Soto","Mariano Fernandez - Soto",info@suninsurance.nz,"0273 000666",,,,,,"2026-02-09 18:42:09"
3155190,Marie,Gerard,,megerard@gmail.com,021786818,"13 Domain rd,",,"13 Domain rd, Mangere Bridge",,,"2019-09-11 13:58:26"
4310123,Marie-Therese,Moss,,marietherese.moss@gmail.com,0211841149,"43 Manutara Avenue",,"Forrest Hill",,,"2020-11-05 11:55:13"
1898496,Marina,Dzepina,,marina.dz18@gmail.com,0221002460,"2/228 Blockhouse Bay Rd",,Avondale,,,"2018-04-27 12:23:36"
4754700,Marjory,McSaveney,,marjorymcs7@gmail.com,0212379125,,,,,,"2021-03-25 16:05:35"
1945123,Mark,,,mark@gartnerenterprises.co.nz,021870418,,,,,,"2018-05-16 15:02:24"
10425854,,,Mark,,,,,,,,"2025-07-25 15:36:37"
10471451,Mark,,,mark.nienaber@outlook.com,"+64 21 813 930",,,,,,"2025-08-06 21:38:08"
12024418,,,"Mark and Stephanie Steedman",,,,,,,,"2026-09-02 16:44:50"
12024419,"Mark and Stephanie",Steedman,"Mark and Stephanie Steedman",thesteedmans@xtra.co.nz,,,,,,,"2026-09-02 16:44:50"
7818083,Mark,Berryman,"SELAH HOMES LIMITED",mark@selahhomes.co.nz,021866253,,,,,,"2023-08-31 16:21:54"
11272416,Mark,Dutton,,marksdutton57@yahoo.de,"021 258 5185","7A Clearwater Cove, West Harbour",Auckland,,0618,"New Zealand","2026-02-27 15:00:22"
11291468,Mark,Ellett,,ellettmr@gmail.com,"027 2378723","86 Benson Road, Remuera",Auckland,,1050,"New Zealand","2026-03-04 14:59:38"
11344237,Mark,Ellett,,ellettmr@gmail.com,"027 237 8723",,,,,,"2026-03-17 13:10:27"
8548595,Mark,Hadwin,,scabmiester@gmail.com,0278171367,,,,,,"2024-03-22 16:02:10"
2180829,Mark,Harris,"Metro Homes Ltd",metrohomes@xtra.co.nz,0274723023,,,,,,"2018-08-29 17:22:47"
2183852,Mark,Higgins,,mark@byaccident.co.nz,021453357,"3 Seaview Ave",,Northcote,,,"2018-08-30 16:49:26"
6023641,Mark,Hohneck,,mark0212266669@gmail.com,0212266669,"6 Rodney Str",,Howick,,,"2022-04-14 13:38:41"
2392564,Mark,Hotchin,"Omara Property Group",richard.thode@omara.co.nz,"021336002 Richard","93 Benson Rd",,Remuera,,,"2018-11-26 17:40:41"
2749611,,,"Mark Knight",,,,,,,,"2019-04-16 19:42:19"
2749612,Mark,Knight,"Mark Knight",knightiesfamily@xtra.co.nz,0275708360,,,,,,"2021-06-02 11:32:57"
9781357,,,"Mark Kokich",,,,,,,,"2025-02-16 21:10:47"
9781358,Mark,Kokich,"Mark Kokich",mkokich5@gmail.com,"027 682 1635",,,,,,"2025-02-16 21:10:47"
9860420,Mark,Lancaster,,markraylene@xtra.co.nz,021819015,,,,,,"2026-07-07 11:36:19"
10425855,Mark,Levlev,"Mark Levlev",mark1ievlev@gmail.com,"+64 210 236 3448",,,,,,"2025-07-25 15:49:48"
10425898,,,"Mark Levlev",,,,,,,,"2025-07-25 15:49:48"
2561684,,,"Mark Limpy",,,,,,,,"2019-02-12 15:33:27"
2561685,Mark,Limpy,"Mark Limpy",marklimpy@xtra.co.nz,0276923762,,,,,,"2019-02-12 15:33:27"
10370913,,,"Mark Matthews",,,,,,,,"2025-07-11 15:40:31"
10370914,Mark,Matthews,"Mark Matthews",mark.matthews@hotmail.co.uk,"+64 22 457 5992","2A Handley Avenue, Narrow Neck",Auckland,,0624,"New Zealand","2025-07-11 15:40:31"
5611960,Mark,Message,"Create Renovations",mark@createrenovations.co.nz,0215228767,,,"Browns Bay",,,"2021-12-09 15:29:55"
1846967,Mark,Nicolls,"QDC Works",mark@qdcworks.co.nz,021742521,,,,,,"2018-04-05 07:19:43"
4037541,Mark,Phillips,,phillipselectrical.limited@gmail.com,0274839188,"7 Sunray Avenue",,Titirangi,,,"2020-07-31 14:05:53"
1489608,Mark,Poutsma,Spicers,mark.poutsma@spicersnz.co.nz,"021 1826667",,,,,,"2017-10-03 17:38:57"
3004661,Mark,Tapsell,,mark.tapsell@ecologysix.com,021735870,,,,,,"2019-07-18 15:41:05"
4215862,Mark,Thomson,Oceanlift,mark@oceanlift.co.nz,0212787537,,,,,,"2020-09-29 17:47:46"
12148095,,,"Mark Thorburn",,,"471A Wyllie Road",Warkworth,Auckland,0981,"New Zealand","2026-10-05 19:16:23"
12148096,Mark,Thorburn,"Mark Thorburn",Mthorburn.nz@gmail.com,021511267,,,,,,"2026-10-05 19:16:22"
8444222,Mark,Wildman,,markwildman23a@gmail.com,,,,,,,"2024-02-29 15:24:03"
5677493,Mark/Sharon,Revis,"kitchen studio",mark.revis@wtpartnership.co.nz,021918062,,,,,,"2022-01-14 18:26:00"
11540506,,,"Marko Nuic",,,,,,,,"2026-05-06 21:09:59"
11540507,Marko,Nuic,"Marko Nuic",markolnuic@gmail.com,+64 210 319 323,"8 Maxine Place, Saint Heliers",Auckland,,1071,"New Zealand","2026-05-06 21:09:59"
1693337,,,Marry,,,,,,,,"2018-01-23 18:06:54"
1693338,Marry,,Marry,mary.rutledge@vl.co.nz,021723923,,,,,,"2018-01-23 18:06:54"
10376026,,,"MARS LIVING LIMITED",,,,,,,,"2025-07-14 13:28:25"
1982686,Martin,Clark,,rm.clarknz@gmail.com,0275327691,"29 Farrar Street,",,"Grey Lynn",,,"2018-06-05 08:00:53"
4282683,Martin,Ma,,livia.sly@gmail.com,02102412175,"7 Paisley Street",,"Mellons Bay",,,"2020-10-20 13:09:42"
6647144,Marty,Hyland,,mhbcl@xtra.co.nz,0274912510,,,,,,"2022-09-30 14:06:48"
4465966,,,"Marty Van Praseuth",,,,,,,,"2020-12-18 14:30:42"
4465967,Marty,"Van Praseuth","Marty Van Praseuth",marty.vanpraseuth@lochores.co.nz,0210406807,,,,,,"2020-12-18 14:30:42"
9833020,Martyn,Geary,,mbgeary@xtra.co.nz,0274443219,,,,,,"2025-02-27 17:37:43"
10859907,,,Mary,,,,,,,,"2025-11-06 21:17:06"
10859908,Mary,,Mary,toniandmary@xtra.co.nz,0273077284,"87 St Georges Road, Avondale",Auckland,,0600,"New Zealand","2025-11-06 21:37:36"
8006719,,,"Mary O'Malley",,,,,,,,"2023-10-22 18:53:36"
8006720,Mary,O'Malley,"Mary O'Malley",maryomalley16@gmail.com,0210786855,,,,,,"2023-10-22 18:53:36"
12145041,,,"Mas Claims",,,,,,,,"2026-10-03 15:39:46"
11981934,Mason,,"Temana Lifecare",maintenance@temanalifecare.co.nz,"021 676 162",,,,,,"2026-08-21 15:57:18"
2791481,Mastan,Shaik,,mastanaftab@gmail.com,02108195047,"132 Balmoral Ave",,"Mt Eden",,,"2019-05-03 10:14:07"
2552471,,,"Master Property Services",,,,,,,,"2019-02-08 16:02:42"
6564864,Matt,,,matt.t@cmp.net.nz,021347517,,,,,,"2022-09-07 14:27:14"
8296988,,,Matt,,,,,,,,"2024-01-24 09:57:14"
8296989,Matt,,Matt,Mattyorourke@gmail.com,021375909,,,,,,"2024-01-28 10:26:51"
9142142,Matt,,"Glen Eden Playcentre",gepcproperty@gmail.com,02102370934,,,,,,"2024-08-27 13:22:02"
8006754,Matt,Berry,"Harrison Building Company Limited",mattb@harrisonbuilding.co.nz,"027 725 6844",,,,,,"2023-10-22 20:26:29"
8854179,Matt,Dalley,"Dalma Ltd",Mattxbuilding@outlook.com,0279214000,,,,,,"2024-06-11 15:48:18"
2372541,Matt,Hinton,,matt.j.hinton@gmail.com,021595496,"4 Riplington Rd",,"Huntington Park",,,"2018-11-16 14:44:13"
9760062,Matt,Miller,,m.a.miller@me.com,0272442052,,,,,,"2025-02-11 21:53:56"
6460158,Matt,Munro,"Munro Build",matt@munrobuild.co.nz,"0204 361991",,,,,,"2023-02-16 02:28:36"
3346279,Matt,Nicholls,"Ryse construction",matt@ryse.co.nz,"021 028 96411","Birkenhead
Auckland 0626",,,,,"2019-11-18 15:24:04"
2356442,Matthew,,,39muirave@gmail.com,+61452472749,"39 Muir Ave",,"Mangere Bridge",,,"2018-11-10 10:00:10"
5790619,Matthew,,Matthew,matthew8833@gmail.com,021471775,"18 Martin Crescent",Northcote,Auckland,0627,"New Zealand","2022-02-10 06:12:39"
5790641,,,Matthew,,,,,,,,"2022-02-10 06:12:39"
4026031,Matthew,Barnes,,barnesfamily51@gmail.com,0220878238,,,,,,"2020-07-28 14:56:56"
4314061,Matthew,Dillon-Mayne,Oncore,matthew.dm@oncoreservice.co.nz,0273545472,,,,,,"2021-02-23 16:33:17"
9639633,Matthew,Drought,"TRUST BUILD LIMITED",matt@trustbuild.co.nz,021859177,"21 Vista Motu","Red Beach",Auckland,0932,"New Zealand","2025-01-13 18:44:50"
7816223,,,"Matthew Francis",,,,,,,,"2023-08-31 07:32:02"
7816224,Matthew,Francis,"Matthew Francis",Matt@dnl-nz.com,+64272852517,,,,,,"2023-08-31 07:32:02"
2376094,Maureen,Gresty,Jase,m.gresty@hotmail.com,0273587008,"6 Beach Road",,"Manly, Whangaperoa",,,"2018-11-20 09:08:06"
4880598,Maureen,Pryor,,maureen@nzpryors.net,0295247114,"26 Wheturangi",,Greenlane,,,"2021-05-03 20:33:18"
1745609,Maurice/Rosemary,Whitham,,mwhitham@maxnet.co.nz,0272969293,"139 West Hoe Heights",,Orewa,,,"2018-02-16 17:12:26"
11540894,Mauro,CASANOVA,"DREAM CREATORS LIMITED",Maurito.san@gmail.com,"+64 274 684 488","Flat 1, 8 Hamilton Road, #1, Herne Bay",Auckland,,1011,"New Zealand","2026-05-06 22:50:46"
2851416,Mavis,Newton,,mavisjeannewton@yahoo.co.nz,094762426,"30-38 Fields Parade.",,Oteha,,,"2019-05-24 07:01:00"
4445758,,,Max,,,,,,,,"2020-12-10 18:46:42"
4445759,Max,Maclaurin,"Max Maclaurin",m.c.maclaurin@gmail.com,02109010406,,,,,,"2020-12-11 17:09:00"
4449002,,,"Max Maclaurin",,,,,,,,"2020-12-11 17:09:00"
4955393,Max,Pinkham,,maxpinkham@gmail.com,0210484943,"79 Duncansby St",,"Stanmore Bay",,,"2021-05-25 12:57:12"
11895250,,,"MCKAY LANG LIMITED",,,,,,,,"2026-07-31 10:09:46"
11781835,"Megan & Ross",Howard,,meganbirchy@gmail.com,"021 2135115",,,,,,"2026-07-07 18:00:17"
9350159,,,"Megan King",,,,,,,,"2024-10-16 23:13:29"
9350160,Megan,King,"Megan King",hmacsking@gmail.com,0211243098,,,,,,"2024-10-16 23:13:29"
2695880,Megan,Wu,"Kathryn/John Wooley",wubears@gmail.com,,"5 Orakei Rd",,Remuera,,,"2019-03-28 09:30:48"
4671351,Mehru,Naqvi,"Online Business Systems and Solutions Limited",mnaqvi@obss.co.nz,,"58 Colwill Road, Massey, Auckland",,,0614,,"2021-03-02 16:25:30"
1693429,,,"Meiling Li",,,,,,,,"2018-01-23 19:02:40"
1693430,Meiling,Li,"Meiling Li",meilingnz@hotmail.com,02102531290,,,,,,"2018-01-23 19:02:40"
6763268,,,"Mel Dooney",,,,,,,,"2022-11-01 04:40:07"
6763269,Mel,Dooney,"Mel Dooney",melaniedooney@gmail.com,"021 272 9167","84 Seaview Road","Castor Bay",Auckland,0620,"New Zealand","2022-11-01 04:40:07"
4584703,Mel,Norris,"kitchen studio",longpathway@gmail.com,0225467744,"8 Seaton Road",,"Murrays Bay",,,"2021-02-05 10:31:18"
9165427,,,"Melanie M",,,,,,,,"2024-09-02 21:42:30"
9165428,"Melanie M <melenie87@gmail.com>",M,"Melanie M",melenie87@gmail.com,,,,,,,"2024-09-02 21:42:30"
5101684,Melinda,Chan,,rklchan@gmail.com,021804619,"29M St Stephen's Ave",,Parnell,,,"2021-07-07 15:32:19"
2024577,Meneesh,Deva,,meneeshdeva@gmail.com,0212254279,"1 Ingram Rd",,Remuera,,,"2018-06-22 11:34:39"
3696312,,,Meridian,,,,,,,,"2020-03-24 13:17:43"
11133299,"Merv & Heather",Hoe,,mervnheatherhoe@xtra.co.nz,"021 252 5170","91 Dunkirk Road, Panmure",Auckland,,1072,"New Zealand","2026-01-27 15:10:30"
1376470,Meryl,,,meryl@oceanianz.com,,,,,,,"2017-08-07 18:12:34"
2180828,,,"Metro Homes Ltd",,,,,,,,"2018-08-29 17:22:47"
2724059,Mi,Thaung,,mkthaung18@gmail.com,0211692987,"26 Reynard Terrace",,"Connifer Grove",,,"2019-04-07 16:12:42"
1528057,,,Michael,,,,,,,,"2017-10-19 17:45:07"
1528058,Michael,,Michael,m.naylor@xtra.co.nz,021662957,,,,,,"2017-10-19 17:45:07"
7378028,Michael,Drewer,,michaeldrewernz@gmail.com,,,,,,,"2023-05-02 16:10:36"
3031103,Michael,Greenwood,,pisahuang@hotmail.com,0284143036,"12 Foxbridge Ln",,"Conifer Grove",,,"2019-07-28 19:44:21"
5894495,Michael,Hopkinson,"Asset Construction",mikeh@assetconstruction.co.nz,02102933557,"184 St Heliers Rd,",,"184 St Heliers Rd",,,"2022-03-10 14:20:53"
8246273,Michael,Mabile,Mikemab,michael@mikemab.com,0275559921,,,,,,"2024-01-10 15:18:04"
3230917,Michael,MccAbe,,michaelmccabe@me.com,095799633,"17 Ferndale Rd",,"Mt Wellington",,,"2019-10-08 14:21:48"
1665266,Michael,SMITH,"Woodsmith Building Company Limited",Woodsmithbuildingco@gmail.com,0275415553,,,,,,"2018-01-09 17:18:52"
1956791,Michael,Tran,,michael.tran@scsupplies.co.nz,0211688411,"205 Wairau Rd,",,Glenfield,,,"2018-05-23 14:38:10"
2808527,,,"Michael Warton",,,,,,,,"2019-05-09 16:54:15"
2808528,Michael,Warton,"Michael Warton",Michaelwarton34@gmail.com,021513293,,,,,,"2019-05-09 16:54:15"
6645705,,,"Michaela Sangl",,,,,,,,"2022-09-30 05:49:57"
6645706,Michaela,Sangl,"Michaela Sangl",michaela.sangl@gmail.com,"021 229 0197",,,,,,"2022-09-30 05:49:57"
6527177,Michelle,,,moodabesmith@gmail.com,0274850984,,,,,,"2022-08-26 15:23:12"
4875583,,,"Michelle Craig",,,,,,,,"2021-04-30 21:39:51"
4875584,Michelle,Craig,"Michelle Craig",getmichellecraig@gmail.com,021687655,"44 Milton Road","Mount Eden",Auckland,1024,"New Zealand","2021-04-30 21:39:51"
11649846,,,"Michelle Cross",,,,,,,,"2026-06-03 16:01:42"
11649847,Michelle,Cross,"Michelle Cross",michelle@crossclan.co.nz,021784984,"10 Lantern Court, Henderson",Auckland,,0612,"New Zealand","2026-06-03 16:01:42"
12162528,,,"Mighty Ape",,,,,,,,"2026-10-08 13:06:28"
7126282,,,"MIGHTY BUILDERS LTD",,,,,,,,"2023-02-22 17:32:08"
3993446,Mika,Wylde,,wylde.mika@gmail.com,0212013187,"2/250 Onewa Rd",,Northcote,,,"2020-07-17 13:18:35"
1386430,Mike,,,mikerabbidge@gmail.com,0272239997,,,,,,"2020-10-13 07:56:40"
2150968,,,Mike,,,,,,,,"2018-08-16 11:12:42"
2150969,Mike,,Mike,nzmike73@gmail.com,0212424407,,,,,,"2018-08-16 11:12:42"
5644247,Mike,,"Lewis Build",mike@lewisbuild.co.nz,,,,,,,"2021-12-22 11:56:25"
8714239,Mike ,Conboy,Mike Conboy,mike.conboy@gmail.com,0272917626,,,,,,"2024-05-06 18:19:36"
7862583,,,"Mike and Sabba Dhillon",,,,,,,,"2023-09-13 16:58:59"
7862584,"Mike and Sabba Dhillon",Dhillon,"Mike and Sabba Dhillon",sabba.dhillon@gmail.com,"021 875 814",,,,,,"2023-09-13 16:58:59"
8714238,,,Mike Conboy,,,,,,,,"2024-05-06 18:19:36"
3025205,Mike,Cope,"Create Renovations",mike@createrenovations.co.nz,0212739700,,,,,,"2023-05-03 12:23:53"
3981858,Mike,Flanagan,,mike.flanagan@xtra.co.nz,021321332,,,,,,"2020-07-14 15:29:45"
5894476,Mike,Hopkinson,"Asset Construction",mikeh@assetconstruction.co.nz,02102933557,"184 St Heliers Rd",,"St Heliers",,,"2022-03-09 10:20:47"
3944759,Mike,King,,info@lifestylebuildingsolutions.nz,0273153437,"4 Ridge Valley Rd, Browns Bay",,"Browns Bay",,,"2020-07-01 14:33:54"
2043628,Mike,Leydon,,mpleydon@gmail.com,021450780,"23 Mataroa rd, Mt Wellington",,"Mt Wellington",,,"2018-07-02 10:23:30"
6098243,Mike,Pearson,"Mike/Tracy Pearson",mikeandtracy@slingshot.co.nz,021359730,,,,,,"2022-05-01 07:48:56"
4941501,Mike,Stewart,,mike.stewart.is@gmail.com,0221274815,"9 Tracey Lane",,"Te Atatu",,,"2021-05-20 08:15:16"
4301540,Mike,Stuart,"Akron Trade  centre",mike@akrontradecentre.co.nz,021731040,"69 O'Rorke Rd, Penrose, Auckland",,,1061,,"2020-10-26 14:24:13"
9343560,,,"Mike Tritt",,,,,,,,"2024-10-15 19:04:44"
9343561,Mike,Tritt,"Mike Tritt",miketritt3@gmail.com,"021 277 1593",,,,,,"2024-10-15 19:04:44"
2811741,Mike,Woodsmith,,mike@dunno.co.nz,0275415553,"16a Tuhimata Str",,"St Heliers",,,"2019-05-10 12:48:16"
1689936,Mike/Julie,Giffin,,julie-mike@xtra.co.nz,0274966389,"2/219 Blockhouse Bay Rd;",,Avondale,,,"2018-01-22 14:22:53"
6098242,,,"Mike/Tracy Pearson",,,,,,,,"2022-05-01 07:48:56"
8246272,,,Mikemab,,,,,,,,"2024-01-10 15:18:04"
9623847,,,Milwaukee,,,,,,,,"2025-01-08 16:25:35"
2404952,Miriam,Roberts,,miriam.roberts@omara.co.nz,021704190,,,,,,"2018-11-30 15:09:39"
3671399,Misha,Jovick,,nzmisaj@gmail.com,0210756767,"274 Te Atatu Rd",,"Te Atatu",,,"2020-03-13 17:20:22"
4817308,,,"MITSUBISHI HEAVY INDUSTRIES",,,,,,,,"2021-04-14 15:38:26"
1964168,Miyuki,Tanaka,,amytgreen521@gmail.com,0211055876,,,,,,"2018-05-24 16:08:53"
3320686,,,Mobil,,,,,,,,"2019-11-08 10:30:34"
3945140,,,"Modus Developments",,,,,,,,"2020-07-01 16:43:33"
10536173,Mohammed,Sadiq,"Total electrical  solutions Ltd",Javidsadiq23@gmail.com,0226491729,"54 Cyclamen Road, Māngere",Auckland,,2022,"New Zealand","2025-08-26 15:37:57"
9192671,Mohammed,Zaid,"IBUILD NEW LTD",ibuildnewltd@gmail.com,"021 217 2948",,,,,,"2024-09-09 20:29:50"
7633757,Moira,,Moira,moira@bridon.nz,0274949120,,,,,,"2023-07-11 15:50:59"
7633758,,,Moira,,,,,,,,"2023-07-11 15:50:59"
6811385,,,"Money Singh",,,,,,,,"2022-11-14 17:38:37"
6811386,Money,Singh,"Money Singh",moneyy.nz@gmail.com,02040483867,,,,,,"2022-11-14 17:38:37"
9045860,"Monique and Anders",Morley,"Monique and Anders Morley Mogensen",anders.mogensen.nz@gmail.com,02102682451,,,,,,"2024-07-31 21:33:59"
9045859,,,"Monique and Anders Morley Mogensen",,,,,,,,"2024-07-31 21:33:59"
9317796,,,"Monster Wash",,,,,,,,"2024-10-09 06:55:45"
7894509,,,"Mount Eden Normal Primary School",,,,,,,,"2023-09-21 20:21:50"
11365317,,,"Ms kim",,,,,,,,"2026-03-21 10:35:28"
11365318,"Ms kim",,"Ms kim",Kimhnz73@gmail.com,"+64 21 269 1801",,,,,,"2026-03-21 10:35:28"
10807258,,,"Munish Chaudhary",,,,,,,,"2025-10-24 16:43:43"
10807259,Munish,Chaudhary,"Munish Chaudhary",munishrodes@yahoo.com,"+64 210 717 161",,,,,,"2025-10-24 16:43:43"
6460157,,,"Munro Buid",,,,,,,,"2022-08-08 22:16:37"
7101788,,,"Munro Build",,,,,,,,"2023-02-16 02:28:36"
9636967,Murray,Bell,BELLQS,murray@bellQS.co.nz,"027 555 0720",,,,,,"2025-01-12 21:27:01"
3842910,,,"Murray Fenton",,,,,,,,"2020-05-28 14:56:59"
3842911,Murray,Fenton,"Murray Fenton",murray.fenton@policeassn.org.nz,0272689419,,,,,,"2020-05-28 14:56:59"
10899481,Murray,Kingham,,murray.kingham@xtra.co.nz,0274729052,"35 Hardens Lane, Pāremoremo",Auckland,,0632,"New Zealand","2025-11-17 20:53:41"
1881335,Murray,O'Loughlin,,mrol@xtra.co.nz,0272573518,"62 Speight Rd",,Kohimarama,,,"2018-04-19 16:19:36"
4731194,,,"Murray Pearson",,,,,,,,"2021-03-18 19:10:15"
4731195,Murray,Pearson,"Murray Pearson",pearson.murray@gmail.com,"021 644 442","5A Rahopara Street, Castor Bay, Auckland",,,0620,,"2021-03-18 19:10:15"
9650959,Myles,Brennan,"Myles Brennan",tamandmyles@gmail.com,021662181,"12/2 Gladys Avenue, Glenfield",Auckland,,0629,"New Zealand","2025-01-15 18:25:41"
9650965,,,"Myles Brennan",,,,,,,,"2025-01-15 18:25:15"
5692367,,,N/A,,,,,,,,"2022-01-17 10:27:31"
10825229,,,"Nadine Perera",,,,,,,,"2025-10-29 17:51:20"
10825230,Nadine,Perera,"Nadine Perera",perera1@actrix.gen.nz,"+64 27 602 8099","84 Penguin Drive, Murrays Bay",Auckland,,0630,"New Zealand","2025-10-29 17:51:20"
7619840,,,Nan,,,,,,,,"2023-07-07 05:47:32"
7619841,Nan,Bhana,"Nan Bhana",nanbhana@hotmail.com,,,,,,,"2023-07-07 06:05:17"
7619887,,,"Nan Bhana",,,,,,,,"2023-07-07 06:05:17"
1467198,,,Nandini,,,,,,,,"2017-09-25 20:02:25"
1467199,Nandini,,Nandini,nandini.sami@nzpost.co.nz,0277022257,,,,,,"2017-09-25 20:02:25"
2358730,Natalie,Hape,,talia.jane@gmail.com,02102508258,"34 Wylie Rd",,Papatoetoe,,,"2018-11-19 14:29:57"
7549552,Natalya,King,,natalyaking@gmail.com,,,,,,,"2023-06-16 13:38:46"
3603562,natasha,jacob,,jacob.natasha9665@yahoo.com,0275092723,,,,,,"2020-02-24 14:41:06"
3095547,Nate,Abustan,"Total Paint",nath@hydroproof.co.nz,021750161,,,,,,"2019-08-20 18:08:23"
5504200,Nathan,Blyth,,nathanblyth300@hotmail.com,0211390709,,,,,,"2021-11-06 11:18:04"
1923484,Navin,Dass,,Ndass@xtra.co.nz,0272803568,"117 Rangitoto Rd",,Papatoetoe,,,"2020-11-23 13:21:06"
5026587,Nazia,Yusuf,,naziay2013@yahoo.co.nz,0212674690,"55 Walmsley Road",,Otahuhu,,,"2021-06-15 13:36:55"
6750445,,,NCS,,,,,,,,"2022-10-27 10:33:58"
8895045,Neil,,,neilmortonsmith@gmail.com,+64273466027,,,,,,"2024-06-20 22:31:36"
8948643,,,Neil,,,,,,,,"2024-07-05 15:28:53"
8948644,Neil,,Neil,neiljadav94@gmail.com,+642108246849,,,,,,"2024-07-05 15:28:53"
4012537,Neil,Christian,"kitchen studio",neil@scope.co.nz,021745411,"9a Jelas Road",,"Red Beach",,,"2020-07-23 09:05:22"
6153428,Neil,Prasad,,neilprasad_1991@hotmail.com,02108408445,"66 Hain Ave",,"Mangere East",,,"2022-05-17 15:30:59"
2978398,Neil,Sharma,,neilsharma2014@gmail.com,0223186880,,,,,,"2019-07-09 09:17:03"
9259889,,,"Network Scaffolding Services Ltd",,,,,,,,"2024-09-25 13:42:01"
2122902,,,"New Zealand Treatments & Spraying",,,,,,,,"2018-08-03 11:21:53"
4073978,,,Nexus,,,,,,,,"2020-08-13 16:37:38"
1675940,,,"nexus exterior ltd",,,,,,,,"2018-01-15 17:56:50"
11220049,,,"Nexus Exteriors Limited",,,,,,,,"2026-02-16 16:36:50"
8534214,Nick,,"GOODISON ARCHITECTURAL LIMITED",nick@goodisonarchitectural.co.nz,,,,,,,"2024-03-19 23:07:58"
1819828,Nick,Bridge,HomeSmart,nick@homesmart.co.nz,0272838765,"PO Box 65-247","Mairangi Bay",,0754,,"2018-03-21 17:22:09"
1849819,Nick,Bridge,"Home Smart",nick@homesmart.co.nz,0272838765,"12a Renoir Str",,"West Harbour",,,"2018-04-06 08:01:27"
1985464,Nick,Bridge,,nick@homesmart.co.nz,,"30 John Davis Rd,",,"Mount Roskill",,,"2018-06-05 09:45:50"
2228825,Nick,Bridge,HomeSmart ,nick@homesmart.co.nz,"027 283 8765","88 Sunset Road,",,"Unsworth Heights",,,"2018-09-19 14:11:28"
6823170,"Nick Craig",Craig,"Madison Building",nick@madisonbuilding.co.nz,0220884344,,,,,,"2022-11-17 06:56:18"
9795269,Nick,Daniels,,nickwilliamdaniels@gmail.com,0273924112,"46A Matipo Road, Mairangi Bay",,,,,"2025-02-19 16:45:05"
10475958,"Nick Egerton & Fiona Bendall",,,nicklegerton@gmail.com,21999020,,,,,,"2025-08-07 17:55:55"
6165294,,,"Nick Le Quesne",,,,,,,,"2022-05-19 14:21:47"
6165295,Nick,"Le Quesne","Nick Le Quesne",nicklequesne@yahoo.com,0212252591,,,,,,"2022-05-19 14:21:47"
4874277,Nick,Narayan,"ARROWSMITH LIMITED",nick.n@arrowsmith.net.nz,"027 302 1148","Unit 5A Bay Central Shopping Centre, 65 Chapel Street",Tauranga,"Bay of Plenty",3110,"New Zealand","2026-06-22 07:31:15"
1775342,Nick,Parkin,,dunno@gmail.com,0275324419,"9 Amery Place",,"West Harbour",,,"2018-03-01 15:51:33"
1775414,Nick,Parkin,"Ttreatments and Spraying",quotes@nztreatmentsandspraying.co.nz,0275324419,"9 Amery Place",,"West Harbour",,,"2018-03-01 16:24:35"
1798542,Nick,Parkin,"NZ Treatments and Spraying",quotes@nztreatmentsandspraying.co.nz,0275324419,"1 Eastwood Rise",,"Browns Bay",,,"2018-03-13 07:46:14"
1807991,Nick,Parkin,"NZ Treatments and Spraying",quotes@nztreatmentsandspraying.co.nz,0275324419,"3/22 Puhinui Rise",,Manukau,,,"2018-03-16 08:18:35"
1858889,Nick,Parkin,"Treatments and Spraying",quotes@nztreatmentsandspraying.co.nz,0275324419,"43 Jillian Drive",,Ranui,,,"2018-04-11 09:17:01"
1859010,Nick,Parkin,"NZ Treatments and Spraying",quotes@nztreatmentsandspraying.co.nz,0275324419,"18 Station Road",,Takanini,,,"2018-04-11 10:18:40"
2015714,Nick,Parkin,"Treatments and Spraying",quotes@nztreatmentsandspraying.co.nz,0275324419,"25 Kawakawa Bay Coast Rd",,"Kawakawa Bay",,,"2018-06-19 12:55:43"
2117112,,,"Nick Parkin",,,,,,,,"2018-08-01 13:34:35"
2157299,Nick,Parkin,"NZ Treatments and Spraying",quotes@nztreatmentsandspraying.co.nz,0275324419,"20 Kingshaven Close,",,"Mount Roskill",,,"2018-08-20 12:35:40"
2163911,Nick,Parkin,"NZ Treatments and Spraying",quotes@nztreatmentsandspraying.co.nz,0275324419,"25 Buisson Glade",,"West Harbour",,,"2018-08-22 13:24:56"
2177165,Nick,Parkin,,quotes@nztreatmentsandspraying.co.nz,0275324419,"4 Terrasini Drive,",,"Flat Bush",,,"2018-08-28 13:55:37"
2179586,Nick,Parkin,,quotes@nztreatmentsandspraying.co.nz,0275324419,"4 Terrasini Drive,		 ",,Flatbush,,,"2018-08-29 08:48:01"
2225612,Nick,Parkin,"NZ Treatments and Spraying - Jacques",quotes@nztreatmentsandspraying.co.nz,0275324419,"189 Carter Rd,",,Oratia,,,"2018-09-18 15:50:40"
2228574,Nick,Parkin,"NZ Treatments and Spraying",quotes@nztreatmentsandspraying.co.nz,,,,,,,"2018-09-19 12:31:18"
2288212,Nick,Parkin,"Ttreatments and Spraying",quotes@nztreatmentsandspraying.co.nz,0275324419,"7/12 Northcross Drive",,Oteha,,,"2018-10-15 09:48:03"
4277389,Nick,Simmons,,stnick26@gmail.com,0272723582,,,,,,"2020-10-18 15:57:01"
10376027,Nick,Zhang,"MARS LIVING LIMITED",nick.zhang@marsliving.co.nz,"027 712 1985","5 Ngaroma House Drive, Hobsonville",Auckland,,0618,"New Zealand","2025-07-14 13:28:25"
10392854,Nick,Zhang,"MARS LIVING LIMITED",qs1@marsliving.co.nz,,,,,,,"2025-07-17 13:50:53"
10535568,,,Nicole,,,,,,,,"2025-08-22 16:47:51"
6363851,,,"nicole gilmour",,,,,,,,"2022-07-12 16:15:36"
6363852,Nicole,Gilmour,"nicole gilmour",nicole_gilmour@msn.com,0211442789,,,,,,"2022-07-12 16:40:48"
11515665,,,"Nicole Margot Pye",,,,,,,,"2026-04-30 05:11:40"
10535569,Nicole,Pye,"Nicole Margot Pye",Nicole@buythiscar.co.nz,021430174,"104F Kidd Road, Rd 1",Papakura,Auckland,2580,"New Zealand","2026-04-30 05:11:40"
11786328,Nicolette,Sheridan,"Care of : Aleen Melissa",Neverlatebro@gmail.com,0225145332,"3 Rarangi Road, #1, Saint Heliers",Auckland,,1071,"New Zealand","2026-07-08 15:30:40"
12038873,Nicolette,Sheridan,,N.Sheridan@massey.ac.nz,,,,,,,"2026-09-07 08:30:35"
1944154,Nigel,Toms,,ntoms@water.co.nz,0212497643,"20 Eastridge Court",,Northpark,,,"2018-05-16 07:53:05"
7797190,,,"Nigel Wilmshurst",,,,,,,,"2023-08-25 07:41:30"
7797191,Nigel,Wilmshurst,"Nigel Wilmshurst",nigel.wilmshurst@gmail.com,"027 208 1144",,,,,,"2023-08-25 07:41:30"
2391253,,,"Nikhil Ghate",,,,,,,,"2018-11-25 15:37:28"
2391254,Nikhil,Ghate,"Nikhil Ghate",nhghate@hotmail.com,021332086,,,,,,"2018-11-25 15:37:28"
2266979,Niki,Mackay,,nikimackay@gmail.com,,"30 McCrystal Ave",,"Bucklands Beach",,,"2018-10-05 08:58:32"
3097499,Nikolai,Perov,,nikolay.perov@gmail.com,0224259894,"18 Mc Donald Cresc,",,"Mt Wellington",,,"2019-08-21 08:39:39"
5471039,,,"Nilesh Dosa",,,,,,,,"2021-10-27 18:08:43"
5471040,Nilesh,Dosa,"Nilesh Dosa",nileshdosa@hotmail.com,021858242,"16 Vauxhall Road,","Devonport,",Auckland,0624,"New Zealand","2021-10-27 18:08:43"
7113898,NINA,,,ninayeoman35@gmail.com,021791838,,,,,,"2023-02-19 20:01:33"
11913920,,,"Nirender kaur",,,,,,,,"2026-08-05 16:32:57"
11913921,Nirender,kaur,"Nirender kaur",nirenderk@hotmail.com,"+64 21 115 5880","35 Fernleigh Avenue, Royal Oak",Auckland,,1023,"New Zealand","2026-08-05 16:32:57"
2552472,Nivaar,Ramsaroop,"Master Property Services",nivaar@hotmail.co.nz,0275365152,"820 Great South Road",,Penrose,,,"2019-02-08 15:55:15"
8334122,Nix,Mowbray,,nixschool@outlook.com,0226467319,,,,,,"2024-02-02 16:57:43"
12056214,,,Nodo,,,,,,,,"2026-09-10 15:51:16"
7538969,,,"Noel Jeevaratnam",,,,,,,,"2023-06-14 13:16:49"
7538970,Noel,Jeevaratnam,"Noel Jeevaratnam",nljeeva@xtra.co.nz,0210411399,"7 Princess Maria Place,","Massey,",Auckland,0614,"New Zealand","2023-06-14 13:16:49"
11024594,Noel,Spalding,"Property Management",noelspalding@xtra.co.nz,0223010062,"2 Fairbanks Place, Glendene",Auckland,,0602,"New Zealand","2025-12-22 21:20:37"
8440506,,,"North Shore Heat Pumps Ltd",,,,,,,,"2024-02-28 22:48:57"
9870303,,,"Nz Home Serve",Nzhomeserve@gmail.com,,,,,,,"2025-03-09 21:32:42"
1798541,,,"NZ Treatments and Spraying",,,,,,,,"2018-03-13 07:46:14"
2225611,,,"NZ Treatments and Spraying - Jacques",,,,,,,,"2018-09-18 15:50:40"
4215861,,,Oceanlift,,,,,,,,"2020-09-29 17:47:46"
4033059,,,"Odge LTD",,,,,,,,"2020-07-30 10:43:02"
2392563,,,"Omara Property Group",,,,,,,,"2018-11-26 17:40:41"
4272893,,,Oncore,matthew.dm@oncoreservice.co.nz,,"3-B Henry Rose Place",,Albany,,,"2021-03-24 13:33:31"
4561917,,,"Oncore / Refresh",,,,,,,,"2021-01-29 11:38:35"
4671350,,,"Online Business Systems and Solutions Limited",,,,,,,,"2021-03-02 16:25:30"
6693151,,,"ORIGIN Concepts Ltd",,,,,,,,"2022-10-13 05:05:32"
4918163,Oscar,Belcredi,,obelcredi@aol.com,0211353549,"8 Douglas Avenue",,"Mount Albert,",,,"2021-05-13 14:51:46"
9319836,Oscar,Williams,"ADROIT BUILDERS LIMITED",oscar@adroitbuilders.co.nz,"021 764535","335 Duck Creek Road, Rd 3",Silverdale,Auckland,0993,"New Zealand","2024-10-09 15:06:30"
4968959,,,"OTI property Ltd",,,,,,,,"2021-05-27 17:49:33"
1726003,,,"OVI Limited",,,,,,,,"2018-02-08 07:27:15"
11499853,Owen,Thomson,,Oangthomson@gmail.com,0272773050,"3 Muir Avenue, Māngere Bridge",Auckland,,2022,"New Zealand","2026-04-28 09:23:17"
3023972,Paddy,Brown,,paddybrown1@gmail.com,0212212514,,,"113 Porrit Ave, Birkenhead",,,"2019-07-25 08:58:57"
7077995,"Pamela and Brendan",Fitzpatrick,,pamandbrendan@slingshot.co.nz,021940505,,,,,,"2023-02-09 12:48:02"
4812450,Pat,Houlihan,,phoulihan@xtra.co.nz,"027 499 1098","LAKELANDS / 11A Killarney Street",,Takapuna,0622,,"2021-04-13 15:19:55"
4420327,Patrice,Lucas,,patrice.lucas3@hotmail.com,0211143017,"8 Albert Street, CBD","Quay West - Unit 2301","Park Mills Str",,,"2020-12-02 10:47:35"
4878137,,,"Patricia Fast",,,,,,,,"2021-05-02 11:33:44"
4878138,Patricia,Fast,"Patricia Fast",Sbfast@gmail.com,0223456789,"128 Kittiwake Drive, Schnapper Rock, Auckland",,,0632,,"2021-05-02 12:14:16"
9317849,Patrick,Katoa,Resene,patrick.katoa@resene.co.nz,"027 495 9117",,,,,,"2024-10-09 07:13:45"
2035828,Patrick,Wang,,patwang88@hotmail.com,"027 263 7878","20 Nicholas Gibbons",,"Glendon Park",,,"2018-06-27 17:17:47"
3781561,Paul,,,paul.mathers@stmichel.co.nz,0274207419,,,,,,"2020-05-06 15:38:37"
6813507,Paul,,"PMD Builders",Pmdbuilders@gmail.com,0274636360,,,,,,"2022-11-15 05:57:54"
10026594,Paul,,,paulc@kitchenstudio.co.nz,,,,,,,"2025-04-14 17:29:32"
9309263,,,"Paul & Nicki Bradburn & Brentnall",,,,,,,,"2024-10-07 19:00:43"
9309264,"Paul & Nicki","Bradburn & Brentnall","Paul & Nicki Bradburn & Brentnall",bradsclan@xtra.co.nz,021654270,"24A Hebron Road, Waiake",Auckland,,0630,"New Zealand","2024-10-08 07:10:34"
5207378,"Paul Alice",Harding,,harding5@outlook.com.au,0273149279,"14 Summer Street, Stanley Point",,Devonport,,,"2021-08-06 18:27:00"
7544983,Paul,Collins,"Kitchen Studio North Shore",paulc@ksnorthshore.co.nz,"64 9 443 3264",,,,,,"2023-06-15 14:45:33"
3281874,Paul,Dopper,"LSC Shopfitting",paul.d@lscshopfitting.com.au,+64425874116,"39 Leda Drive",QLD,"Burleigh Heads",4220,Australia,"2019-10-25 12:20:48"
2347500,Paul,Duffett,"Concept Carpentry LTD",concept.paul@yahoo.com.au,0274992523,"15 Griggs Rd",Auckland,Whitford,,"New Zealand","2018-11-08 09:34:34"
11397009,Paul,Field,"Field Rubber",Paul@fieldrubber.co.nz,021955521,"2 Rymer Place, Māngere Bridge",Auckland,,2022,"New Zealand","2026-03-30 13:07:16"
11200498,Paul,Glover,"Ray White carpenter Realty",Paul.glover@raywhite.com,021647650,"385 Glenfield Road, Glenfield
Level 5 Shop 501",Auckland,,0629,"New Zealand","2026-02-11 12:52:01"
2276892,Paul,Jones,,pauljudijones@gmail.com,0212421048,"53 Danbury Dve",,Torbay,,,"2018-10-10 09:50:27"
3468535,Paul,Mueller,,pmdmueller@xtra.co.nz,0211312404,"49 Ramillies Place",,Glenfield,,,"2020-01-13 12:26:22"
2728995,Paul,O'Brien,,pthob1@gmail.com,0292012718,"7 Jacaranda Ave,",,"Beach Haven",,,"2020-03-09 16:01:13"
4829869,Paul,O'Connor,,proinstallauto@gmail.com,021959260,,,,,,"2021-04-18 10:28:04"
11352097,Paul,Snow,,psnownz@gmail.com,0223126586,"56 Fairclough Road, Beach Haven",Auckland,,0626,"New Zealand","2026-03-18 20:11:48"
1376519,Paul,Toilalo,,toilalo@gmail.com,,,,,,,"2017-08-07 18:37:48"
8824738,,,"Paul Wescott",,,,,,,,"2024-06-03 23:10:25"
8824739,Paul,Wescott,"Paul Wescott",pwes019@gmail.com,021942680,,,,,,"2024-06-03 23:10:25"
6844439,Paula,,BCA,noi@bca.co.nz,"+64 9 3732336",,,,,,"2022-11-23 14:31:36"
7603871,Paula,Carroll,,paula.carroll@xtra.co.nz,0274257679,,,,,,"2023-07-03 14:34:01"
1819967,Paula,Woodhall,,pwoodhall1971@gmail.com,0210305939,"31 Moyrus Crescent, East Tamaki Heights, Auckland",,,,,"2018-03-21 18:23:33"
1828629,Paula,Woodhall,,pwoodhall1971@gmail.com,0210305939,,,,,,"2018-03-26 18:58:24"
6267664,Pawan,Singhal,,singhal_pk@hotmail.com,0223923218,,,,,,"2022-06-15 19:13:10"
1332596,,,PBF,,,,,,,,"2017-07-13 17:24:02"
11037352,Peggy,Li,Residential,peggyli@email.com,02102698200,"9 Vernon Street, Auckland Central
B",Auckland,,1010,"New Zealand","2026-01-05 14:26:32"
7255322,,,"Penelope Barr Sellers",,,,,,,,"2023-03-27 20:33:01"
7255323,Penelope,"Barr Sellers","Penelope Barr Sellers",penelope_a_barr@hotmail.com,0212704485,,,,,,"2023-03-27 20:33:01"
9520131,,,"Penny Ashley",,,,,,,,"2024-11-28 23:53:43"
9520132,Penny,Ashley,"Penny Ashley",penny_ashley@hotmail.com,"021 514110","1/52 Church Street, Northcote Point",Auckland,,0627,"New Zealand","2024-11-28 23:54:08"
2724036,Percy,Mavis,"Putz Technik",mavisl2011@gmail.com,0211757412,"2a Cambrai Ave",,"Mt Roskill",,,"2019-04-07 13:46:48"
3559218,Percy,Tapueluelu,"Construct Interiors",percy@ci.co.nz,02041884269,"33-45 Hurstmere Road",,Takapuna,,,"2020-02-10 12:22:12"
5975025,Perer,Broughton,,broughton@xtra.co.nz,021925847,,,,,,"2022-03-29 07:32:18"
7954014,,,Peter,,,,,,,,"2023-10-08 21:51:00"
7954015,Peter,,Peter,pcrw60@gmail.com,021730207,,,,,,"2023-10-08 21:51:00"
9165682,Peter,,Peter,pwestbrook@hotmail.com,,,,,,,"2024-09-02 22:51:44"
5857986,,,"Peter Aitken",,,,,,,,"2022-02-27 15:50:44"
5857987,Peter,Aitken,"Peter Aitken",pjagroup@xtra.co.nz,"021 940 318",,,,,,"2022-02-27 15:50:44"
3803760,Peter,Ayton,,peterayton@me.com,021336300,"16 Rutland Rd",,"Stanley Point",,,"2020-05-26 15:21:40"
11365416,,,"Peter Barrett",,,,,,,,"2026-03-21 11:52:58"
11365417,Peter,Barrett,"Peter Barrett",peter.barrett@cpcltd.co.nz,"021 327 639","149 Te Arapipi Road",Thames,Waikato,3500,"New Zealand","2026-03-21 11:52:58"
5093308,Peter,Burbidge,,p.jmburbidge@gmail.com,0212153650,"2c Georgian Apts, 8 Sidmouth St",,"Mairangi Bay",,,"2021-07-02 13:21:40"
3902476,,,"Peter Carter",,,,,,,,"2020-06-17 16:57:32"
3902477,Peter,Carter,"Peter Carter",bettergetcarter@yahoo.co.nz,0212444929,,,,,,"2020-06-17 16:57:32"
8865121,Peter,Dejong,,p.dejong@albanytimber.co.nz,,,,,,,"2024-06-13 06:49:16"
3874957,Peter,Francis,,pete@cypress.nz,021920115,"73 Sarsfield Street",,"Herne Bay",,,"2020-06-09 14:13:22"
3664796,Peter,Hwang,,phwang458@gmail.com,0211668458,,,,,,"2020-03-11 20:19:53"
11808908,Peter,Lassen,"kitchen studio",peter.lassen@xtra.co.nz,021484768,"189 Hurstmere Road, Takapuna",Auckland,,0622,"New Zealand","2026-07-14 17:14:31"
5987016,Peter,Ritchie,,krritc@gmail.com,0272622275,"45 Derrimore Heights",,"Clover Park",,,"2022-03-31 11:55:27"
5992578,Peter,Ritchie,,krritc@gmail.com,0272622275,"45 Derrimore Heights",,"Clover Park",,,"2022-04-01 16:06:02"
3893833,Peter,Smith,,peterjsmith.nz@gmail.com,021797359,"15 Walford ave",,"Point Chev",,,"2020-06-15 15:47:20"
2280986,Peter,Staples,,peter@ventl8.co.nz,021907718,"12 Rising Parade",,"Fairview Heights",,,"2018-10-11 11:52:25"
7523282,,,"Peter Suisted",,,,,,,,"2023-06-12 07:57:53"
7523283,Peter,Suisted,"Peter Suisted",psuis@xtra.co.nz,021665615,,,,,,"2023-06-12 07:57:53"
11500032,,,"Peter Wingate",,,,,,,,"2026-04-25 14:25:13"
11500033,Peter,Wingate,"Peter Wingate",peter@esiltd.co.nz,01755027,"95 Rame Road, Greenhithe",Auckland,,0632,"New Zealand","2026-04-25 14:25:13"
4908576,Peter,Wylie,"kitchen studio",wyliemiki@gmail.com,0223410484,"4/20A Lavery Place",,Sunnynook,,,"2021-05-11 15:26:31"
9781069,,,"PETERS PRECISION BUILDERS LIMITED",,,,,,,,"2025-02-16 10:16:05"
3142055,,,Phil,,,,,,,,"2019-09-06 14:23:05"
3142056,Phil,,Phil,pjwoody183@gmail.com,0272783931,,,,,,"2019-09-06 14:23:20"
11422066,Phil,Leveanasiga,"BODY CORPORATE ADMINISTRATION",phil@bca.co.nz,,"care of: 503 Blockhouse Bay Road, Blockhouse Bay",Auckland,,0600,"New Zealand","2026-04-07 12:37:49"
8940316,,,"Philip Carroll",,,,,,,,"2024-07-03 17:14:12"
8940317,Philip,Carroll,"Philip Carroll",PCarroll@yarravalleycom.com,"03 9761 5784",,,,,,"2024-07-03 17:14:12"
9219386,,,"Philip M.Clarke",,,,,,,,"2024-09-16 06:51:27"
9219387,Philip,M.Clarke,"Philip M.Clarke",philip.maurice.clarke@gmail.com,0272577216,"60 Old Mill Road, Grey Lynn",Auckland,,1021,"New Zealand","2024-09-16 06:51:27"
1398015,,,Philippa,,,,,,,,"2017-08-18 16:57:46"
1398016,Philippa,,Philippa,pippa-c@live.com,,,,,,,"2017-08-18 16:57:46"
6295608,Phillip,Boon,,Philip.Boon@acre-systems.com,021776078,"53 Sunrise Ave",,"Murrays Bay",,,"2022-06-29 14:22:52"
5843752,Phillip,Lynds,,phillip.lynds@gea.com,0278389175,"86 Ranfurly Road",,Epsom,,,"2022-02-23 12:22:39"
3845568,Phillipa,Leask,"kitchen studio",philippaclare72@gmail.com,0277115503,"453 Richardson Road",,Roskill,,,"2020-05-29 13:15:18"
4764305,,,"Pitch Black Construction",,,,,,,,"2021-03-29 13:55:38"
5484066,,,"Plastering & Services ltd",,,,,,,,"2021-11-01 15:45:16"
6813506,,,"PMD Builders",,,,,,,,"2022-11-15 05:57:54"
4359930,,,"PNZ LTD",,,,,,,,"2020-11-12 11:13:10"
2292472,Polly,Kong,"New Zealand Treatments & Spraying",mavismarkus@outlook.com,0272019212,"52 Francis St,",,Hauraki,,,"2018-10-17 08:32:00"
9461311,"Portia & Gazz",Havill,"Portia & Gazz Havill",porsche911_347@hotmail.com,02102622193,,,,,,"2024-11-15 11:05:26"
9467242,,,"Portia & Gazz Havill",,,,,,,,"2024-11-15 11:05:26"
1893454,,,"Powell Homes",,,,,,,,"2018-04-25 19:22:24"
4242037,,,"Power Painters",,,,,,,,"2020-10-07 15:47:07"
1881402,Pranita,Makan,,kantu.pranita@gmail.com,02102674944,"84 Fowlds Ave",,Sandringham,,,"2018-04-20 09:31:52"
4517331,,,"Premier BuildersLtd",,,,,,,,"2021-01-15 12:45:48"
8334274,,,"Premium Plastering",,,,,,,,"2024-02-02 17:42:35"
6256017,,,"Prima Projects Ltd",,,,,,,,"2022-06-13 11:26:39"
4175780,,,"Priscilla Mace",,,,,,,,"2020-09-16 16:03:50"
4175781,Priscilla,Mace,"Priscilla Mace",ppjcmace@slingshot.co.nz,021827000,,,,,,"2020-09-16 16:03:50"
4179013,Priscilla,Mace,,Dunno@gmail.com,"Hi Rolando, it was lovely to meet with you today at 29 Leys Crescent Remuera. Please find attached the plans for the renovation. As you can see it also includes the original house. We are looking at t","29 Leys Cres",,Remuera,,,"2020-09-17 10:30:58"
5864945,,,"Priyanka Mehta Matthews",,,,,,,,"2022-03-01 16:17:22"
5864946,"Priyanka Mehta",Matthews,"Priyanka Mehta Matthews",priyankamehta18@gmail.com,0210636332,,,,,,"2022-03-01 16:17:22"
5565634,,,"Property & Project Services LTD",,,,,,,,"2021-11-24 11:39:47"
1325065,,,"Property Investment Manager",,,,,,,,"2017-07-10 17:29:14"
11024593,,,"Property Management",,,,,,,,"2025-12-22 21:20:37"
11270618,Prue,Furkert,"Geoff & Prue Furkert",prue.furkert@xtra.co.nz,021833022,"132 Te Arapipi Road",Thames,Waikato,3500,"New Zealand","2026-03-11 21:53:53"
2724035,,,"Putz Technik",,,,,,,,"2019-04-09 20:42:26"
1846966,,,"QDC Works",,,,,,,,"2018-04-05 07:19:43"
1643858,,,"QLS Development Ltd",,,,,,,,"2017-12-18 15:35:45"
5955915,,,"QPC BUILDGROUP",,,,,,,,"2022-03-23 18:51:46"
8426623,Quaid,Bell,"Detailed Builds",qbell94@hotmail.com,,,,,,,"2024-02-26 10:11:25"
7037531,,,"Quinstruction Ltd",,,,,,,,"2023-01-31 13:23:54"
2068122,,,"R.B. Decorators",,,,,,,,"2018-07-10 08:52:28"
10502670,,,Raad,,,,,,,,"2025-08-14 15:51:46"
10502671,Raad,,Raad,raadandmayamin@gmail.com,"+61 466 832 388",,,,,,"2025-08-14 15:51:46"
8954714,Rachel,McClelland,"Rachel McClelland",mccl.rachel@gmail.com,0211611156,"1-13 Pine Ridge Terrace, Hauraki",Auckland,,0622,"New Zealand","2024-07-09 21:34:16"
8954726,,,"Rachel McClelland",,,,,,,,"2024-07-08 19:18:22"
1643652,,,"Rachel pascoe",,,,,,,,"2017-12-18 14:11:26"
1643653,Rachel,Pascoe,"Rachel pascoe",rachel@pascoe.net.nz,021385656,,,,,,"2017-12-18 14:11:26"
12122392,Rachel,Porter,,rachael.porter@gmail.com,"+64 210 825 6117","703 Beach Road, Rothesay Bay",Auckland,,0630,"New Zealand","2026-09-28 20:16:15"
6608542,Rachelle,Dunn,"Custom P.M.",rachelle.dunn@custompm.co.nz,021473031,,,,,,"2022-09-20 10:34:22"
3317940,Raewyn,Wise,,dunno@gmail.com,021800589,"289 Victoria Rd",,Remuera,,,"2019-11-07 15:29:11"
3602346,Raj,,,rajpreetsingh@kelvins.co.nz,0275567113,,,,,,"2020-02-23 17:44:24"
3919539,Raj,,,raj.jeram@gmail.com,0272307224,,,,,,"2020-06-23 13:35:40"
4744225,Raj,Sirungattur,,snvarad@gmail.com,021560116,"11 Avalon place",,Glenfield,,,"2021-03-23 13:16:46"
6147297,Rajan,,,drrajanspatel@gmail.com,0212449028,,,,,,"2022-05-14 17:49:40"
1643742,,,Rajh,,,,,,,,"2017-12-18 14:43:06"
1643743,Rajh,,"Look Makeover Limited",Jitend_sfl@yahoo.com,0221070104,,,,,,"2017-12-20 14:18:56"
1414437,,,"Rajiv Gupta",,,,,,,,"2017-08-28 19:07:50"
1414438,Rajiv,Gupta,"Rajiv Gupta",Rajivgupta@windowslive.com,,,,,,,"2017-08-28 19:07:50"
3362481,Raman,Patel,"Carruth Investment Ltd",lalpatel@hotmail.com,0274336218,"105 Portage Rd",,Papatoetoe,,,"2019-11-22 13:45:16"
9870304,Ramesh,,"Nz Home Serve",nzhomeserve@gmail.com,"+64 27 641 0321",,,,,,"2025-03-09 21:33:07"
9070878,Randall,Francis,"Geospace NZ Ltd",sales@geospace.co.nz,0212135518,,,,,,"2024-08-07 19:42:47"
2561826,,,"Rapid Builders and Renovators LTD",,,,,,,,"2019-02-12 16:29:21"
3046975,,,"Ray Menzies",,,,,,,,"2019-08-02 15:31:53"
3046976,Ray,Menzies,"Ray Menzies",raym@rjmconstruction.co.nz,021334481,,,,,,"2019-08-02 15:31:53"
10278741,Ray,Steel,"RAY STEEL BUILDERS LIMITED",ray@raysteelbuilders.co.nz,,"20 Sherwood Avenue, Te Atatū South",Auckland,,0610,"New Zealand","2025-06-18 14:48:56"
10278740,,,"RAY STEEL BUILDERS LIMITED",,,,,,,,"2025-06-18 14:48:56"
4315451,Ray,"Van Wayenburg",,vanwayenburg@gmail.com,021963371,"25a Wernham Place",,Northcote,,,"2020-10-29 15:54:03"
1753916,,,"Ray White  (Epsom)",,,,,,,,"2018-02-21 11:16:13"
11200497,,,"Ray White carpenter Realty",,,,,,,,"2026-02-11 12:52:01"
1580540,,,"Ray White Epsom",,,,,,,,"2017-11-13 20:03:07"
11049069,,,"Ray White Prioperty Management Limited",,,,,,,,"2026-01-07 13:02:11"
5161339,Rebecca,Bailey,,rebeccabailey@gmail.com,0210333572,"23 St Aubyn St",,Devonport,,,"2021-07-23 16:43:08"
8202148,,,Reece,,,,,,,,"2023-12-17 20:43:20"
8202149,Reece,,Reece,Reece.lamb@gmail.com,+6421473378,,,,,,"2023-12-17 20:43:20"
4695031,,,Refresh,,,,,,,,"2021-03-09 14:45:31"
5515554,,,"Refresh - West Auckland",,,"Dawnhaven Drive, Te Atatu Peninsula, Auckland",,,,,"2022-01-19 11:52:19"
7565388,,,"Refresh East Auckland",,,,,,,,"2023-06-21 15:06:28"
2632339,,,"Refresh Renovations",,,,,,,,"2019-03-07 19:46:20"
6825145,,,"Refresh Renovations",angela.hjorring@refresh.co.nz,,,,,,,"2023-05-01 15:30:24"
8828945,,,Regan,,,,,,,,"2024-06-04 17:32:38"
8828946,Regan,,Regan,regan@physioconnect.co.nz,021988645,,,,,,"2024-06-04 17:32:38"
7626822,,,"RELIABUILDER LIMITED",,,,,,,,"2023-07-10 14:53:21"
2122903,Rennie,Vandervoort,"New Zealand Treatments & Spraying",rvandervoort@yahoo.co.nz,0274164010,"80 Farquhar Rd,",,Glendene,,,"2018-08-03 11:21:53"
5577716,,,"Renovation Works",,,,,,,,"2021-11-29 13:59:37"
10252393,,,"Renuka Menon",,,,,,,,"2025-06-12 08:52:49"
10252394,Renuka,Menon,"Renuka Menon",renuka@psychotactics.com,02102543947,"4 Livingstone Street, Milford",Auckland,,0620,"New Zealand","2025-06-12 08:52:49"
9317848,,,Resene,,,,,,,,"2024-10-09 07:13:45"
8534096,,,"Resene Construction",,,,,,,,"2024-03-19 22:33:36"
11037351,,,Residential,,,,,,,,"2026-01-05 14:26:32"
2044294,Reuben,Scott,Surecoat,info@surecoat.co.nz,"021744 810","109 Beresford Street,",,Bayswater,,,"2018-07-02 15:20:01"
1700642,reveco,,,reveco@xtra.co.nz,,,,,,,"2018-01-26 11:56:01"
1682301,,,Rhys,,,,,,,,"2018-01-17 21:33:33"
1682302,Rhys,,Rhys,rhysalchin@gmail.com,021750948,,,,,,"2018-01-17 21:33:33"
1376698,Ricardo,,"Ricardo Renovations Ltd",ricardorenovationsnz@gmail.com,,,,,,,"2017-08-07 20:13:52"
1376697,,,"Ricardo Renovations Ltd",,02102524297,,,,,,"2020-02-21 08:37:57"
1754874,Richard,Faulkner,,rlchard.faulkner@carus.co.nz,021835169,"1 Longford Park Dr,",,Takanini,,,"2018-02-22 20:41:29"
5545337,Richard,Fraser,,richardfraser@icloud.com,0275586416,"6 Harley Rd",,Hauraki,,,"2021-11-19 13:37:03"
2971684,Richard,Gladdin,,richard@rustygecko.co.nz,0278285443,,,,,,"2019-07-05 12:23:31"
8580389,,,"Richard Grigg",,,,,,,,"2024-04-02 19:13:45"
8580390,Richard,Grigg,"Richard Grigg",richard@griggfamily.info,"021 421 122",,,,,,"2024-04-02 19:13:45"
2417495,Richard,Knight,"Lewis Construction",richieknightnz@yahoo.co.nz,0212048591,"33 Esmeralda Ave",,Avondale,,,"2018-12-06 14:09:35"
3904965,Richard,Ludlow,,counsellludlow@hotmail.com,0211543464,"4b Carlisle Rd,",,"4b Carlisle Rd, Browns Bay",,,"2020-06-18 07:59:14"
6434862,Richard,Ludlow,,counsellludlow@hotmail.com,02102644455,,,,,,"2022-08-02 12:08:02"
10780670,Richard,Wilde,,rswilde01@gmail.com,02102272047,"143 Birkenhead Avenue, Birkenhead, Auckland 0626",,,,,"2025-10-19 20:40:25"
4288028,Richard-Leone,Green,,leonerichard.green@xtra.co.nz,0274272118,"28 Aotearoa Terrace",,"Murrays Bay",,,"2020-10-21 15:19:36"
4030070,Richelle,Gordon,,richelle.gordon74@gmail.com,0272510515,"1/10 Onslow Road",,Papakura,,,"2020-07-29 15:30:51"
4273610,Ricki,,FYFCCL,info@fyfccl.co.nz,"021 0843 1778","130 Cryers Rd",,"East Tamaki",,,"2020-10-16 13:44:11"
9653627,,,Ricky,,,,,,,,"2025-01-16 08:09:18"
9653628,Ricky,,Ricky,rickyp@xtra.co.nz,,"178 Hill Road, Manurewa",Auckland,,2105,"New Zealand","2025-01-16 08:09:18"
11654904,,,"Ricky & Ajmer Chahal",,,,,,,,"2026-06-04 14:07:21"
11654905,"Ricky & Ajmer",Chahal,"Ricky & Ajmer Chahal",ajy3500@gmail.com,"028 8510 1293",,,,,,"2026-06-04 14:07:21"
9495864,,,"Rilo and Colin Somerville",,,,,,,,"2024-11-22 08:35:55"
9495865,"Rilo and Colin",Somerville,"Rilo and Colin Somerville",rilosomerville17@gmail.com,"+64 21 676 148","85A Trafalgar Street, Onehunga",Auckland,,1061,"New Zealand","2024-11-22 08:35:55"
3242209,Rita,Steel,,ritasteel.nz@gmail.com,0212424543,"771 West Coast Rd",,Oratia,,,"2019-10-11 14:22:43"
3874008,,,Rob,,,,,,,,"2020-06-09 09:41:44"
3874009,Rob,,Rob,robnsandraheeringa@gmail.com,0210499809,,,,,,"2020-06-09 09:41:44"
11600732,,,"Rob & Jill Riches",,,,,,,,"2026-05-21 06:52:26"
11600733,"Rob & Jill",Riches,"Rob & Jill Riches",rob@cctvnz.co.nz,021909002,"14 Bearing Parade, Long Bay",Auckland,,0630,"New Zealand","2026-05-21 13:58:58"
5968986,Rob,Cooke,,nz.rob.cooke@gmail.com,"021 444 617",,,,,,"2022-03-28 06:28:10"
6339615,Rob,Harrison,,rob@teamaotea.com,021628108,,,,,,"2022-07-05 18:03:22"
1781687,Rob,Shilton,"SHILTON INVESTMENT T",rob.shilton@xtra.co.nz,021949158,,,,,,"2018-03-05 21:24:25"
5959434,Rob,Turnbull,,turnbull_rob@hotmail.com,"021 241 6222","72 Fairburn Rd",,Otahuhu,,,"2022-03-24 13:01:32"
5446411,Rob-Jacqui,Finch,,robjacqui.finch@gmail.com,0211974449,"60 Marywil Cresc",,Hillcrest,,,"2021-10-20 14:16:28"
6038282,Rob-Naomi,Mitic,,naomidemarsico@gmail.com,0223508512,"8 Onekura Street",,"Red Beach",0932,,"2022-04-14 15:46:33"
4269373,"Robert & Gill",Harvey,,gill.harveynz@gmail.com,0212591489,,,,,,"2020-10-15 13:55:54"
3663558,Robert,Delaveau,,rdelaveau33@gmail.com,0274926065,"38 Hayman Place",,"Beach Haven",,,"2020-03-12 11:23:49"
2953740,Robert,Knol,"Dulux - AcraTex",robert.knol@dulux.co.nz,"021 858 743","60 George Street",,"Kingsland,",,,"2019-06-28 10:11:03"
2041140,Robert,Watson,,robert.watson@fireandemergency.nz,0274713690,"87b?? Oranga Ave,",,Onehunga,,,"2018-06-29 14:11:30"
12162529,Roberts,Bertulis,"Mighty Ape",roberts.bertulis@mightyape.co.nz,02885140143,"24 Highgate Parkway",Silverdale,Auckland,0932,"New Zealand","2026-10-08 13:06:28"
6284527,Robin,Merryweather,,robinajd@gmail.com,0272664231,"44 Heybridge Str",,Manurewa,,,"2022-06-21 08:32:15"
9515266,,,"Robyn and George Brock",,,,,,,,"2024-11-27 22:50:19"
9515267,"Robyn and George",Brock,"Robyn and George Brock",brockie45@xtra.co.nz,0212632559,"111 Tauranga Place",Orewa,Auckland,0931,"New Zealand","2024-11-27 22:50:19"
3193206,,,"Rochelle Butler",,,,,,,,"2019-09-24 11:00:43"
3193207,Rochelle,Butler,"Rochelle Butler",rochelle.j.butler@gmail.com,0223598830,,,,,,"2019-09-24 11:00:43"
2639606,,,"Rockwell Contruction Ltd",,,,,,,,"2019-03-11 18:18:57"
10858102,Rod,Skelton,,rodcor@hotmail.com.au,02108255064,"11 Martin Crescent, Northcote",Auckland,,0627,"New Zealand","2025-11-06 13:42:15"
8759590,Rodney,Pope,,Rodney@waihekehomebuilders.co.nz,https://waihekehomebuilders.co.nz,,,,,,"2024-05-16 10:20:03"
3176248,Roger,Kwon,,korexkitchen@gmail.com,021710769,"1 Holland Rd",,Hillcrest,,,"2019-09-18 12:21:28"
7921584,,,"Roger Pook",,,,,,,,"2023-09-29 08:33:25"
7921585,Roger,Pook,"Roger Pook",rwpook@gmail.com,0211899148,,,,,,"2023-09-29 08:33:25"
5463727,Roger/Mel,Gutteridge,,melandrog@xtra.co.nz,0211169920,"2-9 Surf Rd",,"Stanmore Bay",,,"2021-10-26 10:57:26"
9198389,,,"Rojolie clinic",,,,,,,,"2024-09-10 21:13:40"
1445476,Roland,Jones,"Auckland Villa Restorations",roland@createch.co.nz,,,,,,,"2017-09-13 17:37:44"
5484067,rolando,reveco,"Plastering & Services ltd",reveco@xtra.co.nz,021742300,,,,,,"2021-11-01 15:45:16"
4347067,Rolando,"St Heliers",,dunno@gmail.com,,,,,,,"2020-11-09 12:07:38"
1557747,,,"Rolf Baettig",,,,,,,,"2017-11-01 14:07:59"
1557748,Rolf,Baettig,"Rolf Baettig",rolfbaettig@hotmail.com,0211755240,,,,,,"2017-11-01 14:07:59"
2653135,,,"Rolston Group",,,,,,,,"2019-03-15 06:46:22"
5878420,Roman,Sharma,"Barfoot And Thompson",r.sharma2@barfoot.co.nz,0211394484,,,,,,"2022-03-04 11:49:33"
5582979,Ron,Hamilton,"Ron Hamilton",steamloco@xtra.co.nz,021428466,"32B John Rymer Place",Kohimarama,Auckland,1071,"New Zealand","2021-11-30 18:20:26"
5583058,,,"Ron Hamilton",,,,,,,,"2021-11-30 18:20:26"
5582978,,,"Ron Hammers",,,,,,,,"2021-11-30 17:51:43"
11615692,,,"Room Renter",,,,,,,,"2026-05-26 09:19:50"
11962142,Rory,,,Rory@thompson.pub,,"40 Melanesia Road, Kohimarama",Auckland,,1071,"New Zealand","2026-08-17 22:05:49"
5924483,,,Rose,,,,,,,,"2022-03-15 15:26:08"
5924484,Rose,,Rose,rss@xtra.co.nz,021405325,"27 Roanoke Way",Albany,Auckland,0632,"New Zealand","2022-03-15 15:27:20"
8334196,Rose,,,rosechen999@qq.com,0220332806,,,,,,"2024-02-02 17:20:06"
3784664,Rose,Duckett,,roseduckett@gmail.com,021722379,"31a Patterson Ave",,"Mission Bay",,,"2020-05-07 13:22:35"
4170817,,,"Roser Ye",,,,,,,,"2020-09-15 13:07:30"
4170818,Roser,Ye,"Roser Ye",rosery3@gmail.com,021361406,,,,,,"2020-09-15 13:07:30"
9255192,,,"Rosmina Salim",,,,,,,,"2024-09-24 15:21:58"
9255193,Rosmina,Salim,"Rosmina Salim",rsalimnz@gmail.com,0212547355,"62 Marina View Drive, West Harbour",Auckland,,0618,"New Zealand","2024-09-24 15:21:58"
2068123,Ross,Buxton,"R.B. Decorators",rossbuxton72@gmail.com,0272973014,"8 Allen Johnston Place",,"Saint Johns",,,"2018-07-10 08:52:28"
4222944,Ross,Coldwall,,rosscoldwell@outlook.com,0272745070,"82A Pupuke Road",,Hillcrest,,,"2020-10-01 11:42:03"
9458857,,,"Ross Upton",,,,,,,,"2024-11-13 22:54:47"
9458858,Ross,Upton,"Ross Upton",ross@ltr.co.nz,021771174,,,,,,"2024-11-13 22:54:47"
6693156,Rowan,Markwick,"ORIGIN Concepts Ltd",rowan.markwick@refresh.co.nz,02108602096,,,,,,"2023-05-05 14:04:11"
7840092,Roy,,"BAE Construction LTD",roy@baecon.co.nz,02108135917,,,,,,"2023-09-07 09:14:15"
11480594,,,Roy,,,,,,,,"2026-04-21 17:12:58"
11480595,Roy,,Roy,roysaville4@gmail.com,0211161579,"23B Saltburn Road, Milford",Auckland,,0620,"New Zealand","2026-04-21 17:12:58"
1391057,Rueben ,Scott,Surecoat,info@surecoat.co.nz,"+64- 21- 744 810",,,,,,"2017-08-22 18:38:34"
1391056,,,Rueben Scott,,,,,,,,"2017-08-15 18:12:11"
2930589,Rupert,Copping,"Licensed Reclads Limited",rupert@licensedreclads.co.nz,02102351471,"Po Box 78381","Grey Lynn",Auckland,1021,"New Zealand","2019-06-20 20:07:45"
6675843,,,Russell,,,,,,,,"2022-10-10 06:16:18"
6675844,Russell,,Russell,Mildonrussell@gmail.com,0275623052,,,,,,"2022-10-10 06:16:18"
11001765,,,"Ruth Yoffe",,,,,,,,"2025-12-14 20:34:25"
11001766,"Ruth Yoffe",Yoffe,"Ruth Yoffe",ruth.yoffe@gmail.com,"02727 88897","2-24 Hemi Street, #2, Narrow Neck",Auckland,,0622,"New Zealand","2025-12-14 20:34:25"
2848413,Ryan,Barron,,sly1rye@hotmail.com,0212077357,"13a Dolbear St",,Titirangi,,,"2019-05-23 12:21:09"
4322722,Ryan,Bilish,"CONSTRUCTION INC",construction_inc@xtra.co.nz,021570707,,,,,,"2020-11-01 19:14:10"
2077112,Ryan,Brewer,,ryan.brewer@ccamatil.com,021705262,"28 Barberton Terrace",,Papakura,,,"2018-07-13 10:45:48"
2229089,Ryan,Parker,,ryan.parker@buckleysystems.com,"0221 647 839","29 Alexander Str,",,"Cockle Bay",,,"2018-09-19 15:46:38"
10628665,Ryan,Zhou,"Wainui Avenue LP",ryan@plutus.co.nz,"+64 27 606 8135",,,,,,"2025-09-13 09:45:04"
3346278,,,"Ryse construction",,,,,,,,"2019-11-18 15:24:04"
9407622,,,"S5 Consulting",,,,,,,,"2024-10-31 08:59:27"
10651009,Sabrina,Hadley,,sabrinahadley@hotmail.com,0274103027,,,,,,"2025-09-17 15:48:46"
7402646,Saeid,,"Jim's handyman",saeid.heidari@jimshandyman.co.nz,02108989342,,,,,,"2023-05-09 14:17:55"
7196438,,,"Sally and Johnny Ng and Wang",,,,,,,,"2023-03-13 15:49:20"
1815696,Sally,Earl-Peacock,,earl-peacock@xtra.co.nz,"09 299 2442",,,,,,"2018-03-20 18:52:07"
11688985,Sally,Hoare,,sallyhoare1@gmail.com,0210636987,"13A Clarence Road, Northcote Point",Auckland,,0627,"New Zealand","2026-06-12 13:22:56"
12054120,,,Sally-Anne,,,"29 Kauri Glen Road, Northcote",Auckland,,0627,"New Zealand","2026-09-10 06:29:45"
12054121,Sally-Anne,,Sally-Anne,real-entertainment@xtra.co.nz,"0274 208 410",,,,,,"2026-09-10 06:29:45"
5385282,Salman,Ahmed,,Jsw8nc2007@gmail.com,0212860908,,,,,,"2021-10-03 19:35:35"
1750241,,,"Sam Abraham",,,,,,,,"2018-02-20 06:57:16"
1750242,Sam,Abraham,"Sam Abraham",sam@clearvision.net.nz,0274873545,,,,,,"2018-02-20 21:04:08"
11895251,Sam,Holdaway,"MCKAY LANG LIMITED",sam@mckaylang.co.nz,"022 385 1743","c/o - Accounting Solutions Limited, 77 Gasson Street, Sydenham",Christchurch,Canterbury,8023,"New Zealand","2026-07-31 10:09:46"
5017230,Sam,Kuo,,sam@leafcon.co.nz,0212580688,"4/35 Allens Road",,"East Tāmaki",,,"2021-06-11 08:39:39"
5017235,"Sam Kuo",,,samcykuo.civil@gmail.com,,,,,,,"2021-06-11 08:40:49"
3282801,,,"Sam saraj",,,,,,,,"2019-10-25 17:50:14"
3282802,Sam,Saraj,"Sam saraj",sarajsam@yahoo.com,0210619500,,,,,,"2019-10-25 17:50:14"
9115893,Sam,Walia,"LEWIS BUILD LIMITED",sam@lewisbuild.co.nz,"+64 21 125 5707","7/10 Olive Road, Penrose",Auckland,,1061,"New Zealand","2025-06-06 15:56:51"
1956849,Sam,Walle,,sam.walle@outlook.com,0275226434,"16 Amsterdam Place",,Avondale,,,"2018-05-22 08:20:03"
6371784,,,"Samantha Boyde",,,,,,,,"2022-07-14 08:54:32"
6371785,Samantha,Boyde,"Samantha Boyde",dickodevil@hotmail.com,02102342015,,,,,,"2022-07-14 08:54:32"
2146006,Samantha,Turnbull,"Auckland Property Management",samantha.turnbull@aucklandproperty.net,,"5 Koromiko Street,",,"New Lynn",,,"2018-08-14 20:45:49"
2658723,Samantha,Turnbull,"Auckland Property Management",samantha.turnbull@aucklandproperty.net,021569356,"23 Holgate Rd",,Kohimarama,,,"2019-03-18 15:58:38"
2740259,Samantha,Turnbull,"Auckland Property Management",samantha.turnbull@aucklandproperty.net,"Auckland Property Management","340 Parnell Rd",,Parnell,,,"2019-04-12 15:00:29"
5475720,,,Samir,,,,,,,,"2021-10-28 19:21:09"
5475721,Samir,,Samir,ritha_nz@hotmail.com,0212125036,"10 Dunloy Place,","East Tāmaki Heights,",Auckland,2016,"New Zealand","2021-10-28 19:21:09"
5692368,Samir,Hoss,N/A,saidhoss@gmail.com,0210433129,,,,,,"2022-01-17 10:27:31"
2632203,,,"Sammy Liang",,,,,,,,"2019-03-07 18:40:04"
2632204,Sammy,Liang,"Sammy Liang",Liracha12345@hotmail.com,0212364366,,,,,,"2019-03-07 18:58:21"
9818477,Samuel,Bradburn,Samuel.h.Bradburn,Samuel.h.Bradburn@gmail.com,021027756544,,,,,,"2025-02-25 09:01:01"
8631747,Samuel,Cai,"Treasure Homes Ltd",Samuel@treasurehomes.co.nz,"021 221 8506","4A/331 Rosedale Road, Albany",Auckland,,0632,"New Zealand","2024-04-13 18:54:41"
8621788,Samuel,Lewis,"STJ BUILT LIMITED",samuel@stjbuilt.com,0212476271,,,,,,"2024-04-11 08:34:41"
9818476,,,Samuel.h.Bradburn,,,,,,,,"2025-02-25 09:01:01"
1610268,,,"Sandeep Kumar",,,,,,,,"2017-11-28 20:13:34"
1610269,Sandeep,Kumar,"Sandeep Kumar",saneepsg@gmail.com,021940064,,,,,,"2017-11-28 20:13:34"
4577662,,,"Sandeep Nath",,,,,,,,"2021-02-03 16:52:22"
4577663,Sandeep,Nath,"Sandeep Nath",buzz4me8@gmail.com,0211079249,"26B Cambrai Avenue, Mount Roskill, Auckland",,,1041,,"2021-02-03 16:52:22"
2009774,Sandra,Heimann,,sandra.heimann@vodafone.com,0299124321,"4/5 Pollen Street",,"Grey Lynn",,,"2018-06-15 11:43:02"
9468427,Sandy,"and James",,sandy_paton@yahoo.co.nz,,,,,,,"2024-11-15 15:39:38"
5521376,Santhosh,Muraleedharon,,santhosh.muraleedharan@gmail.com,0272115935,"1/37 Moore Str",,Hillcrest,,,"2021-11-12 08:44:59"
1355817,Sarah,Albrecht,,sarahalbrecht71@gmail.com,0212094911,,,,,,"2017-07-26 17:17:40"
7252225,,,"Sarah Dearlove",,,,,,,,"2023-03-26 07:31:33"
7252226,Sarah,Dearlove,"Sarah Dearlove",nzdearlove@gmail.com,0211840739,,,,,,"2023-03-26 07:31:33"
6060497,Sarah,Robinson,"Catalyst Group",SarahR@catalyst-group.co.nz,0273916347,"99 Grafton Road",,Grafton,,,"2022-04-21 13:13:14"
5570163,,,"Sarah Wainhouse",,,,,,,,"2021-11-25 12:54:00"
5570164,Sarah,Wainhouse,"Sarah Wainhouse",sarahwainhouse@hotmail.com,0210621256,"14 Argyle Road, Browns Bay, Auckland",,,0630,"New Zealand","2021-11-25 12:54:00"
1960786,Sarah,Williams,,sarah.williams@nzhl.co.nz,021800864,"2/70 Wellpark Ave",,Greylynn,,,"2018-06-01 11:59:08"
4969429,Sariah,,,sariahhamon98@gmail.com,0223107708,,,,,,"2021-05-27 20:15:39"
1935022,Sasya,Wreksono,,sasyawreksono@gmail.com,0210702441,"72 Marlborough Ave.",,Glenfield,,,"2018-05-14 07:16:48"
2180905,Scot,Robertson,specialized,scot@specialized.co.nz,"027 2891 911",,,,,,"2018-08-29 17:56:25"
2733380,Scott,Briggs,,scottbriggsaway@hotmail.com,0272833703,"30 Rataroa Road",,Miranda,,,"2019-04-10 16:58:30"
4628730,,,"Scott Construction NZ Ltd",,,,,,,,"2021-02-17 20:18:14"
6890713,Scott,Ruddy,"Eurotech solutions",Scott@eurotechsolutions.co.nz,0211930033,,,,,,"2022-12-08 11:50:47"
3543949,Scott,Williams,,info@affordablearch.com,0278050413,,,,,,"2020-02-04 20:59:01"
11531528,scott,wotherspoon,,scottmwotherspoon@gmail.com,0210686394,"43 Waiatarua Road, Remuera",Auckland,,1050,"New Zealand","2026-05-05 09:58:03"
4449006,,,Sean,,,,,,,,"2020-12-11 17:10:20"
4449007,Sean,,Sean,sean@titanproperty.co.nz,021765084,,,,,,"2020-12-11 17:10:20"
1568974,Sean,Pravin,HDL,sean@hdl.co.nz,021923889,"5-59 Porana Road","Wairau Valley",Auckland,0627,"New Zealand","2017-11-07 16:49:18"
2009366,Sean,Pravin,,sean@hdl.co.nz,021923889,"6 Rongoa Rd",,"Weiti Bay",,,"2018-06-15 07:39:43"
7773882,,,"SELAH HOMES LIMITED",,,,,,,,"2023-08-18 15:28:52"
3778335,Serena,Varcoe,,serena.varcoe94@gmail.com,0212055763,"70 Lanigan Str.",,Birkdale,,,"2020-05-05 16:07:35"
4639345,sergio,,"James McKay",Sergio.Amaral@dulux.co.nz,,,,,,,"2021-02-20 14:05:17"
5193876,Sergio,Veliz,,spveliz@yahoo.com,0273440884,"29L St Stephen's Ave",,Parnell,,,"2021-09-15 10:49:31"
10356692,,,"SETTLEWELL LIMITED",,,,,,,,"2025-07-08 22:49:39"
7121652,Seyda,,,seydaarca01@gmail.com,021527447,,,,,,"2023-02-21 20:51:43"
1827843,Shah,Khambatta,,shanewz@yahoo.com.au,021332239,,,,,,"2018-03-27 16:49:31"
2974898,Shailesh,Sharma,,shailesh@vt-solutions.com,0212228200,"6 Otago Rd,",,"Favona, Manukau",,,"2019-08-27 07:29:40"
10193820,,,"Shane Bongard",,,,,,,,"2025-05-28 16:57:09"
10193821,Shane,Bongard,"Shane Bongard",Shane.bongard@live.co.uk,"+64 27 592 1370","104 Castor Bay Road, Castor Bay",Auckland,,0620,"New Zealand","2025-05-28 16:57:09"
5497508,Shane,Taylor,"Built It",info@builtit.co.nz,0223103488,,,,,,"2021-11-04 15:56:43"
8877443,,,Shari,,,,,,,,"2024-06-17 13:14:44"
8877444,Shari,,Shari,Shari@webfly.co.nz,021343195,,,,,,"2024-06-17 13:14:44"
2132232,Sharn,Billington,,sharnhelleur@hotmail.com,021619777,"326 St Heliers Bay Rd",,"St Heliers Bay",,,"2018-08-08 11:12:47"
1408209,,,Sharon,,,,,,,,"2017-08-24 15:51:31"
1408210,Sharon,,Sharon,statham.louis@gmail.com,,,,,,,"2017-08-24 15:51:31"
10495732,sharon,,Sharon,sj.pugh@xtra.co.nz,,,,,,,"2025-08-13 08:52:04"
1836934,"Sharon / Grenville",Purchase,,grenandsharon@yahoo.com.au,0212124871,"20 Whitby Crescent",,"Mairangi Bay",,,"2018-03-29 10:14:27"
1808496,Sharon,Phillips,,sharon.phillips@courts.govt.nz,021653535,"16 Target Rd",,"Totara Vale",,,"2018-04-03 09:30:16"
2775624,Shaun,Jenkins,"KNS Construction",info@kns.co.nz,0210686459,,,,,,"2019-04-28 18:56:25"
2728076,Shaun,Pearce,"I Build Solutions",info@ibuildsolutions.co.nz,021953700,"4/30 Woodside rd",,"Mt Eden",,,"2019-04-09 09:39:54"
4384041,Shauna,O'Malley,,shauna.omalley@gmail.com,"021766 874",,,,,,"2020-11-19 17:32:57"
1353324,Shawn,,,ucanreachshawn@gmail.com,,,,,,,"2017-07-25 19:00:22"
2332660,Shawn,,,ucanreachshawn@gmail.com,0273181616,"15 Stirling Street",,Remuera,,,"2018-11-01 10:11:00"
8065370,Shawn,Heyu,,shawn.heyu@gmail.com,,,,,,,"2023-11-07 16:54:07"
5943267,,,"SHAY Solutions Ltd",,,,,,,,"2022-03-20 18:34:11"
11952106,Sheila,Aledron,"Glenfield Baptist Church",office@gbchurch.org.nz,0223645672,"46 James Street, Bayview",Auckland,,0629,"New Zealand","2026-08-14 12:24:50"
5678197,Shell,Snow,,shell.snow@gmail.com,02752800102,"46a Maritime Terrace",,Birkenhead,,,"2022-01-13 10:41:01"
2105669,,,"Shelley Burke",,,,,,,,"2018-07-26 16:52:24"
2105670,Shelley,Burke,"Shelley Burke",burkes@snap.net.nz,021-2106268,,,,,,"2018-07-26 16:52:24"
11555461,Shelly-Ann,Slack,,shellyannslack@gmail.com,0211459804,"108 Island Bay Road, Beach Haven, Auckland, Beach Haven, Beach Haven",,,,,"2026-05-11 10:38:11"
6788034,Sheri,Mckay,,Sheri.Mckay@xtra.co.nz,0272934837,,,,,,"2022-11-08 04:51:51"
5431769,,,"Sherie Hammond",,,,,,,,"2021-10-15 14:14:29"
5431770,Sherie,Hammond,"Sherie Hammond",Sherie.Hammond@serko.com,021743426,"2/6 Parr Terrace","Castor Bay",Auckland,0620,"New Zealand","2021-10-15 14:14:29"
7388059,Shery,,,sheryljoystewart@outlook.com,,,,,,,"2023-05-04 16:01:32"
4360238,,,"Shield Group Ltd",,,,,,,,"2020-11-12 12:34:19"
1781686,,,"SHILTON INVESTMENT T",,,,,,,,"2018-03-05 19:52:32"
8770523,"Shirley & Trent",Walton,,trentshirley@xtra.co.nz,,,,,,,"2024-05-19 22:31:15"
4101885,,,"Shore Build Ltd",,,,,,,,"2020-08-24 11:14:15"
4021373,,,"Shore Spark",,,,,,,,"2020-07-27 12:38:50"
10735537,,,"Sian and David Harris",,,,,,,,"2025-10-08 18:56:54"
10735538,"Sian and David",Harris,"Sian and David Harris",davidsianharris@gmail.com,0212461246,"29A Radiata Lane, Chatswood",Auckland,,0626,"New Zealand","2025-10-08 18:56:54"
1881803,Sid,,,sid@maxcontracts.co.nz,,,,,,,"2018-04-19 19:47:49"
5501456,Simon,,,Simoncato@oballou.com,02102974930,,,,,,"2021-11-05 15:16:38"
9849996,,,Simon,,,,,,,,"2025-03-04 18:11:27"
9849997,Simon,,Simon,Simonarchernz@gmail.com,"+64 21 342 762","60 Marywil Crescent, Hillcrest",Auckland,,0627,"New Zealand","2025-03-04 18:11:27"
2345209,,,"Simon Anketell",,,,,,,,"2018-11-06 18:26:25"
2345210,Simon,Anketell,"Simon Anketell",bdmnz@rjbatt.co.nz,0272366696,,,,,,"2018-11-06 18:26:25"
4799101,Simon,Chan,,S.chan3@barfoot.co.nz,,,,,,,"2021-04-09 10:31:55"
1709082,Simon,Liu,,simon@idontknow.co.nz,020450007,"182 Gowing Drive",,Meadowbank,,,"2018-01-31 10:41:30"
1709173,Simon,Liu,"Add Value Renovation LTD",simon@addvaluerenovation.co.nz,020450007,"182 Gowing Drive",,Meadowbank,,,"2018-01-31 11:14:32"
10036861,Simon,Marley,"TRUST BUILT CARPENTRY LIMITED",simon@trustbuiltcarpentry.co.nz,"021 134 9473",,,,,,"2025-04-16 15:05:11"
10072670,Simon,Marley,"TRUST BUILT CARPENTRY LIMITED",simon@trustbuiltcarpentry.co.nz,"021 134 9473","7 Voyager Drive, Gulf Harbour",Whangaparāoa,Auckland,0930,"New Zealand","2025-04-28 18:05:25"
1970737,Simon,Rowles,,simon.rowles@aciem.co.nz,021331050,"78 Mayfair Crescent",,"Mairangi Bay",,,"2018-05-29 06:53:40"
9468253,,,"Simon Towns",,,,,,,,"2024-11-15 14:56:19"
9468254,Simon,Towns,"Simon Towns",Simon.towns@cbrands.com,,"4 Smith Street, Freemans Bay",Auckland,,1011,"New Zealand","2024-11-15 14:56:19"
2217494,Simon,Young,,simon.young@jimmi.net,0272225801,"7  Tole Str",,Ponsonby,,,"2018-09-14 10:50:54"
10429537,Sioni,Tauetonga,"THREE FOUR FIVE LIMITED",Sioni@threefourfive.co.nz,"022 676 2967","63 Woodside Road, Massey",Auckland,,0614,"New Zealand","2025-10-19 21:58:42"
1327837,Sirish,Nair,,sirish2k3@gmail.com,,"12 Strabo Place","Winsor park",Auckland,0632,,"2017-07-11 17:44:44"
6448003,,,"SJL Painting Contractor",,,,,,,,"2022-08-04 16:30:52"
9645409,,,"Slava Tarasov",,,,,,,,"2025-01-14 18:02:02"
9645410,Slava,Tarasov,"Slava Tarasov",slava@tarasov.co.nz,"+64 27 378 0171","20 Westerley Place, Long Bay",Auckland,,0630,"New Zealand","2025-01-14 18:02:02"
5692190,Soheila,Dadelahi,,sahel1361@gmail.com,02102307727,,,,,,"2022-01-17 08:30:27"
5179009,,,"Solon Manalo",,,,,,,,"2021-07-29 07:55:11"
5179010,Solon,Manalo,"Solon Manalo",samr1216@yahoo.com,02102518498,,,,,,"2021-07-29 07:55:11"
4841423,,,Sonja,,,,,,,,"2021-04-21 14:48:39"
4841424,Sonja,,Sonja,sonja_bond@hotmail.com,0224682466,,,,,,"2021-04-21 14:48:39"
2337614,,,"Sonja Tomovska",,,,,,,,"2018-11-03 02:38:34"
2337615,Sonja,Tomovska,"Sonja Tomovska",sonja.tomovska@gmail.com,0211856673,,,,,,"2018-11-03 02:38:34"
9523470,,,"Soo Mataafa",,,,,,,,"2024-11-29 22:33:30"
9523471,"Soo Mataafa",,"Soo Mataafa",soo.mataafa88@gmail.com,"027 931 8090","85B Taikata Road, Te Atatū Peninsula",Auckland,,0610,"New Zealand","2024-11-29 22:33:30"
7489284,Sophie,Elwood,"MAKESPACE GROUP LIMITED",sophie@makespace.build,0210545688,,,,,,"2023-06-01 10:05:48"
5928970,,,Sorenovate,,,,,,,,"2022-03-16 12:33:58"
2180904,,,specialized,,,,,,,,"2018-08-29 17:56:25"
10015833,Spencer,Dowson,,spencer.dowson@gmail.com,0211750379,,,,,,"2025-04-10 17:56:31"
1489607,,,Spicers,,,,,,,,"2017-10-03 17:38:57"
6631559,Srey,,,srerymom.thaiheng@gmail.com,02108280323,"36 O'Shannesey St.",Papakura,,,,"2022-09-27 12:26:07"
9378318,,,"SSC CONSTRUCTION LIMITED",,,,,,,,"2024-10-23 21:25:31"
11641259,,,"Standard Builders 2011 Ltd",,,,,,,,"2026-06-02 06:14:09"
5703402,Stanley,To,,tostanley@gmail.com,0274801696,,,,,,"2022-01-19 15:28:00"
7159723,,,"stately builders",,,,,,,,"2023-03-03 06:05:25"
8502297,,,"Stavros Evangelidakis",,,,,,,,"2024-03-12 20:10:05"
8502298,Stavros,Evangelidakis,"Stavros Evangelidakis",stavros@smartslabs.co.nz,021986697,,,,,,"2024-03-12 20:10:05"
4816688,Stefan,,,Stefan_Darke@yahoo.co.nz,021940942,"9 Jessmae Place",,Hillcrest,,,"2021-04-30 09:09:58"
1678106,Stefan,Coles,,Stefan@nexusexteriors.co.nz,,,,,,,"2018-01-16 10:40:32"
1965902,Stefan,Coles,"Nexus Exteriors Limited",stefan@nexusexteriors.co.nz,0211919981,"7A Penzance Road, Mairangi Bay",Auckland,,0630,"New Zealand","2026-02-16 16:36:50"
4041606,Stefan,Falkner,,stefan.falkner1@gmail.com,02102233601,"6 Dragonfly Way",,Massey,,,"2020-08-03 14:33:54"
5638694,Stefan,Olson,,stefan@olsonsoft.com,,"5 Cairnbrae Court,",Northcross,Auckland,0632,"New Zealand","2021-12-20 14:50:37"
1690326,Stella,Brooker,"Barfoot & Thompson",sbrooker@barfoot.co.nz,021413433,"20 Hobsonville Rd",,"West Harbour",,,"2018-01-22 17:07:06"
1711976,Stephanie,Browning,,sbrowning@xtra.co.nz,021820456,"43a Seaview Rd",,"Castor Bay",,,"2018-02-01 11:22:58"
4305908,Stephanie,Hickman,,info@teatatusouthchildcare.co.nz,0212974323,"1 Vera Road",,"Atatu South",,,"2020-10-27 13:46:18"
6647054,Stephen,,"BP Construction",sales@plasteringandservices.co.nz,0272864102,,,,,,"2022-10-02 15:41:31"
10544828,Stephen,,"MADDREN HOMES LIMITED",stephen@maddrenhomes.co.nz,021475932,,,,,,"2025-08-26 09:09:25"
4343303,Stephen,Albertson,,albertsons@xtra.co.nz,0273096312,"2 Hampervale Place",,"Flat Bush,",,,"2020-11-06 15:50:50"
9259890,Stephen,Allen,"Network Scaffolding Services Ltd",admin@nss.net.nz,"021 0448479","11A McArthur Avenue, Saint Heliers",Auckland,,1071,"New Zealand","2024-09-25 13:42:01"
2382428,Stephen,Barker,,sbar4cet@gmail.com,0274719673,"73b Island Bay Rd",,"Beach Haven",,,"2018-11-21 15:14:41"
4577579,Stephen,Bedford,"Bedford Homes",steve@bedfordhomes.nz,https://www.bedfordhomes.nz,,,,,,"2021-02-03 16:32:50"
3046809,,,"Stephen Guo",,,,,,,,"2019-08-02 14:19:13"
3046810,Stephen,Guo,"Stephen Guo",crowmars@gmail.com,021865567,,,,,,"2019-08-02 14:19:13"
3301828,Stephen,Hughes,,Sdhughes@gmail.com,0292024751,"29 Manurere Ave,",,Takapuna,,,"2019-11-01 18:54:47"
11932492,Stephen,Morgan,,nz.stephen.morgan@gmail.com,"0061 432 751 159","10 Brighton Road, Parnell",Auckland,,1052,"New Zealand","2026-08-10 17:30:19"
9459058,,,"Stephen Muir",,,,,,,,"2024-11-13 23:51:57"
9459059,Stephen,Muir,"Stephen Muir",stephenrmuir@gmail.com,0274829856,,,,,,"2024-11-13 23:51:57"
5497125,Stephen/Elmare,Strydom,"kitchen studio",nzstrydom@gmail.com,0212638883,"38 Kestrel Heights",,"Arkles Bay",,,"2021-11-04 14:27:16"
10806917,,,steve,,,,,,,,"2025-10-24 15:17:02"
10806918,Steve,,steve,SWILL61732@aol.com,"+64 274 066 864","5D Sinclair Street, Devonport",Auckland,,0624,"New Zealand","2025-10-24 15:17:02"
3306017,Steve,Avery,"CSR Building Products (NZ) Ltd",savery@csr.co.nz,027853853,"7 The Furlong,","Takanini,",,2245,,"2019-11-04 16:01:37"
6124149,Steve,Bartlett,"Bartlett Construction",stephen@bartcon.co.nz,0272864102,,,,,,"2022-05-09 16:14:15"
12147532,,,"Steve Collie",,,"1 Brown Street, Hauraki",Auckland,,0622,"New Zealand","2026-10-05 15:51:19"
12147533,Steve,Collie,"Steve Collie",Steve@scproperty.co.nz,,,,,,,"2026-10-05 15:51:19"
5210149,,,"Steve Dlima",,,,,,,,"2021-08-08 19:50:23"
5210150,Steve,Dlima,"Steve Dlima",ssteve.dlima@gmail.com,0212306072,"55B Frederick Street
Hillsborough Auckland",,,1042,,"2021-08-08 19:50:23"
1639977,,,"Steve Gawne",,,,,,,,"2017-12-14 19:05:55"
1639978,Steve,Gawne,"Steve Gawne",Steve.Gawne@outlook.com,0274748958,,,,,,"2017-12-14 19:05:55"
2695746,Steve,Gordon,"Kathryn/John Wooley",steve.gordon@xtra.co.nz,,"5 Orakei Rd",,Remuera,,,"2019-03-28 08:42:49"
2221394,Steve,Knowler,,trademe@knowler.co.nz,021442243,"69 Mt Taylor Drive,",,Glendowie,,,"2018-09-17 12:52:47"
2395935,Steve,Lamb,"Zim Build Limited",steve@zimbuild.co.nz,0226257022,,,,,,"2018-11-27 19:39:53"
4081801,Steve,Lamb,"Ironclad Construction",pricing@ironcladconstruction.co.nz,0226257022,,,,,,"2020-08-17 15:21:31"
1887350,Steve,Leopard,"nexus exterior ltd",steve@nexusexteriors.co.nz,,,,,,,"2025-06-09 09:24:16"
6448004,Steve,Ley,"SJL Painting Contractor",sjlpainting@gmail.com,021982655,,,,,,"2022-08-04 16:30:52"
3762533,Steve,Miller,,steve.millerdul186@gmail.com,021567753,,,,,,"2020-04-29 08:22:07"
5848254,Steve,Parker,,steveparker@xtra.co.nz,021335425,"22-3 Evelyn Place",,Hillcrest,,,"2022-02-24 10:32:21"
2316869,Steve,Pritchard,"DMS Plasterers & Painters",dmspainters@gmail.com,0211947799,"10 Sherwood Grove",Northcross,Auckland,0630,"New Zealand","2018-10-25 18:09:43"
2374892,Steve,Pritchard,"DMS Plasterers & Painters",dmspainters@gmail.com,,"111 Wharf Rd",,"Waiau Pa (Clarks Beach)",,,"2018-11-17 14:59:00"
4628731,Steve,Scott,"Scott Construction NZ Ltd",scottconstruction@xtra.co.nz,021783863,,,,,,"2021-02-17 20:18:14"
5943268,Steve,Yang,"SHAY Solutions Ltd",mtce@shay.co.nz,"022 0854676","75 Apollo Drive",Rosedale,Auckland,0632,"New Zealand","2022-03-20 18:34:11"
10569984,Steven,,,steven@dcsignals.co.nz,,,,,,,"2025-09-01 16:45:56"
4425351,,,"Steven Allen",,,,,,,,"2020-12-03 15:25:52"
4425352,Steven,Allen,"Steven Allen",sjandreallen@xtra.co.nz,021575614,,,,,,"2020-12-03 15:25:52"
11167646,Steven,Joe,,stevenjoe@hotmail.com,"021 024 41410","1 Rialto Court, East Tāmaki Heights",Auckland,,2016,"New Zealand","2026-02-04 08:04:08"
8621787,,,"STJ BUILT LIMITED",,,,,,,,"2024-04-11 08:34:41"
11270546,,,"Stroud Homes Auckland South",,,,,,,,"2026-02-27 07:13:11"
5585352,"Stuart Heather",Almao,"Built It",almaos@xtra.co.nz,0276722762,"25a St Andrews, Rd",,Epsom,,,"2021-12-01 10:43:15"
7255456,,,Sue,,,,,,,,"2023-03-27 21:08:24"
7255457,Sue,,Sue,suevee1@gmail.com,0211619430,,,,,,"2023-03-27 21:08:24"
2239263,"Sue / Adam",Berry,,berry.adam@yahoo.co.nz,0272552827,"26 Bella Vista Road;.",,"Herne Bay",,,"2018-09-25 17:14:19"
9059936,Sue,Andrews,,dental@xtra.co.nz,021774492,,,,,,"2024-08-05 15:55:14"
1451961,Sue,Szucs,,suzieq147@hotmail.com,0421219955,,,,,,"2017-09-16 11:55:54"
9027735,,,"sujendra sharma",,,,,,,,"2024-07-26 14:05:04"
9027736,Sujendra,Sharma,"sujendra sharma",suninja@gmail.com,0211593071,"7 Wilson Road","Dairy Flat",Auckland,0792,"New Zealand","2024-07-26 14:16:51"
3558480,Sunny,Chand,,sunnychand1@outlook.com,0211148166,,,,,,"2020-02-19 20:05:50"
2407564,,,"Super Build",,,,,,,,"2018-12-03 09:19:13"
1403512,,,Surecoat,,,,,,,,"2017-08-22 18:38:34"
8722909,,,"Susan Graham",,,,,,,,"2024-05-08 12:37:04"
8722910,Susan,Graham,"Susan Graham",sbgraham@xtra.co.nz,0211525665,,,,,,"2024-05-08 12:37:04"
5934862,Susan,Turcich,,sturcich@xtra.co.nz,0272703402,"5/8 Tobago Place, Sunnynook, Auckland",Sunnynook,Auckland,0620,"New Zealand","2022-03-23 07:08:40"
11049473,Susan,Walker,,Susan.walker@wcm.co.nz,0275706807,"9 Northboro Road, Hauraki",Auckland,,0622,"New Zealand","2026-01-07 14:46:52"
11308417,Suzan,Phillips,,suzanphillipsnz@gmail.com,"021 271 2527","187 Bayer Road, Puhoi",Warkworth,Auckland,0994,"New Zealand","2026-03-09 12:50:01"
8149649,,,"Suzanne Browne",,,,,,,,"2023-11-30 07:52:30"
8149650,Suzanne,Browne,"Suzanne Browne",suzanne.browne@raywhite.com,021830096,"437G Parnell Road",Parnell,Auckland,1052,"New Zealand","2023-11-30 07:52:30"
4343152,Suzee,Janis,"kitchen studio",suzeejanis@xtra.co.nz,0272187985,"14 Hastings Road",,"Mairangi Bay",,,"2020-11-06 15:14:00"
6569976,Suzie,Funk,,suzie.6sail@gmail.com,0275573469,"45 Stanley Point aprt. 1003",Auckland,Devonport,,,"2022-09-08 16:00:22"
7985372,,,"T.Y builders ltd",,,,,,,,"2023-10-17 07:49:58"
10870884,,,"Talica Management Ltd",,,,,,,,"2025-11-10 18:10:03"
11578456,Tania,Julyan,,taniajulyan@yahoo.com,02102967897,"2 Saltburn Road, Milford",Auckland,,0620,"New Zealand","2026-05-15 12:04:07"
2485725,Tania,Lunjeavich,,tania.lunjevich@roscommon.school.nz,021445329tania.lunjevich,"6 Pah Rd",,Papatoetoe,,,"2019-01-17 08:34:23"
2561827,Ted,Manuel,"Rapid Builders and Renovators LTD",tedmanuel@xtra.co.nz,0279246344,"75 Beachlands Rd,",,Beachlands,,,"2019-02-12 16:10:00"
4517352,Tej,Singh,,tejs79@gmail.com,0210763918,,,,,,"2021-01-15 12:49:10"
11981933,,,"Temana Lifecare",,,"23 Gatman Street, Birkdale",Auckland,,0626,"New Zealand","2026-08-21 15:57:18"
11623099,,,Terry,,,,,,,,"2026-05-27 16:28:45"
11623100,Terry,,Terry,ddl.zealand@gmail.com,"+64 21 875 465","83 Landing Drive, Albany",Auckland,,0632,"New Zealand","2026-05-27 16:28:45"
2119445,Terry,Ishmael,,terryishmael@yahoo.co.uk,"021 0380529","48 Tarawera Terrace,",,"St Heliers",,,"2018-08-02 09:20:12"
10833765,Tessa,Harrison,,tessaharrisonnz@gmail.com,0221261731,"1/55 Verran Road, Birkenhead, Auckland",,,,,"2025-10-31 09:49:19"
12056215,Test,Test,Nodo,mhernand.d@icloud.com,,,,,,,"2026-09-10 15:51:16"
11149399,Teuila,Percival,,teuila@moanaconnect.co.nz,"021 263 0113","133 Te Arapipi Road",Thames,Waikato,3500,"New Zealand","2026-01-30 11:02:55"
4921458,,,"The Building Guys",,,,,,,,"2021-05-14 09:05:26"
2102797,,,"The Good Builder",,,,,,,,"2018-07-25 17:28:06"
7445856,,,"The Letting Company",,,,,,,,"2023-05-19 15:22:41"
7779456,,,"THE NZ PROPERTY MARKET LIMITED",,,,,,,,"2023-08-21 15:52:29"
11423194,,,"THE RENOVATION TEAM LIMITED",,,,,,,,"2026-04-07 16:20:44"
1448330,,,"The Sign formula",,,,,,,,"2017-09-14 19:13:51"
10495857,,,"Therese kong",,,,,,,,"2025-08-13 09:34:21"
10495858,Therese,kong,"Therese kong",tkpup_pachacco@hotmail.com,0211990725,"8 Lorikeet Place, Unsworth Heights",Auckland,,0632,"New Zealand","2025-08-13 09:34:21"
4306213,Thomas,Brook,,t.brook101@gmail.com,02108009909,,,,,,"2020-10-27 15:00:38"
2025945,Thomas,O'Rouke,,thomas207@gmail.com,0220443351,"2/1471 Great North Rd",,"Mt Albert",,,"2018-06-22 14:44:21"
10780707,,,"THREE FOUR FIVE LIMITED",,,,,,,,"2025-10-19 21:58:42"
8440507,Tim,,"North Shore Heat Pumps Ltd",Salesnsra@outlook.com,0225498588,,,,,,"2024-02-28 22:48:57"
11496415,Tim,Amanono,,tim.amanono@ventia.com,"021 274 2504","56 Claverdon Drive, Massey",Auckland,,0614,"New Zealand","2026-04-24 13:42:15"
2888179,Tim,Hill,,legends@nzigp.co.nz,021614600,"31 Baird Str.",,Howick,,,"2019-06-06 15:03:33"
3914959,"Timothy / Tracey",Alder,"Alder Homes Ltd",info@alderhomes.co.nz,021775227,"17 Foxbridge Lane, Conifer Grove",,Takanini,2112,"New Zealand","2020-07-17 12:06:41"
11496326,Timothy,Hazlett,,hazlettim@gmail.com,0275562495,"30 O'Donn Avenue, Beach Haven",Auckland,,0626,"New Zealand","2026-04-24 13:24:13"
11582273,,,"TINY HOME HQ",,,,,,,,"2026-05-16 07:57:36"
8534097,Toby,Devine,"Resene Construction",toby.devine@reseneconstruction.co.nz,021383209,"121 Diana Drive",Glenfield,Auckland,0627,"New Zealand","2024-03-19 22:33:36"
8935376,,,"Todd Keenan",,,,,,,,"2024-07-02 19:44:15"
8935377,Todd,Keenan,"Todd Keenan",Todd.keenan@thechiropractice.co.nz,021688876,"2 Ngaio Street, Orakei",Auckland,,1071,"New Zealand","2024-07-02 19:44:15"
7985373,Todd,Yukich,"T.Y builders ltd",toddyukich@hotmail.co.nz,0211568353,,,,,,"2023-10-17 07:49:58"
5898970,Tom,,,t.montgomerie@gmail.com,0211174803,,,,,,"2022-03-10 09:04:21"
3881098,,,"Tom Hammond",,,,,,,,"2020-06-10 16:13:59"
3881099,Tom,Hammond,"Tom Hammond",thammond@nzrpg.co.nz,021878958,,,,,,"2020-06-10 16:13:59"
9606843,,,"Tom Lines",,,,,,,,"2024-12-31 13:39:20"
9606844,Tom,Lines,"Tom Lines",lines_tom@hotmail.com,"0274 063 763","11 Viewland Avenue, Onehunga",Auckland,,1061,"New Zealand","2024-12-31 13:39:20"
6451223,Tomer,Simhony,,tomer.simhony@gmail.com,0223798532,,,,,,"2022-08-05 05:58:51"
5939813,Toni,Maree,,donandtm@gmail.com,02102833444,"12 Reynolds",,Torbay,,,"2022-03-22 13:46:06"
3862813,,,Tony,,,,,,,,"2020-06-04 16:48:44"
3862814,Tony,,Tony,jaitservices@xtra.co.nz,021658325,,,,,,"2020-06-04 16:48:44"
7583100,Tony,,Tony,Tony.Patchell@Spark.co.nz,0274213254,,,,,,"2023-06-27 05:41:13"
7583111,Tony,,,T462086@gmail.com,,,,,,,"2023-06-27 05:40:33"
9317797,Tony,,"Monster Wash",info@monsterwash.co.nz,,,,,,,"2024-10-09 06:55:45"
7174125,,,"Tony Bishop",,,,,,,,"2023-03-07 21:23:30"
7174126,Tony,Bishop,"Tony Bishop",Tony@pan-cap.com,021992410,,,,,,"2023-03-07 21:23:30"
5797650,Tony,Dominey,,tony@tabsontravel.co.nz,021388315,,,,,,"2022-02-11 14:33:41"
11925735,Tony,Giles,,gilesboys@gmail.com,021777882,"2 Kahikatea Close, Campbells Bay",Auckland,,0630,"New Zealand","2026-08-07 13:58:06"
4994884,Tony,Lusby,"Coastal NZ Builders LTD",coastalnzbuilders@gmail.com,021568263,"192b Huia Rd",,Titirangi,,,"2021-06-04 14:40:05"
11602591,Tony,Manz,,tonybmanz@gmail.com,0274746236,"59 Grey Street, Onehunga",Auckland,,1061,"New Zealand","2026-05-21 14:53:13"
4126302,,,"Tony Nankivell",,,,,,,,"2020-09-01 15:52:28"
4126303,Tony,Nankivell,"Tony Nankivell",tnankivell@hotmail.com,,,,,,,"2020-09-01 15:52:28"
2680660,Tony,Nguyen,"Clever Living Co",tony.proresultsltd@gmail.com,092634466,"43 PleasantSt,",,Onehunga,,,"2019-03-23 11:53:45"
6654909,,,"Top View Construction",,,,,,,,"2022-10-04 06:44:14"
9965911,,,"TORPEDO BAY CONSTRUCTION LIMITED",,,,,,,,"2025-03-31 05:26:50"
4189652,,,"Total Advantage Group Ltd
Total Paint",,,,,,,,"2020-09-21 16:41:05"
10546636,,,"Total electrical  solutions Ltd",,,,,,,,"2025-08-26 15:37:57"
3095546,,,"Total Paint",,,,,,,,"2019-08-20 18:08:23"
9000074,,,"TP Builders ltd",,,,,,,,"2024-07-19 06:44:26"
7672489,Tracy,"Du Toit",,tracy1997dt@gmail.com,021428609,,,,,,"2023-07-27 14:47:57"
6549133,Tracy,Powell,,tracylpowell@outlook.com,,,,,,,"2022-09-02 07:38:17"
5955976,Tracy,Shores,,rt.shores@xtra.co.nz,021648889,,,,,,"2022-03-23 19:15:26"
8631746,,,"Treasure Homes Ltd",,,,,,,,"2024-04-13 18:54:41"
1858888,,,"Treatments and Spraying",,,,,,,,"2018-04-11 09:17:01"
3226967,,,"Trendz Fireplaces",,,,,,,,"2019-10-07 09:33:17"
2695894,Trish,Lynch,,trishlynch@xtra.co.nz,,"5 Orakei Rd",,Remuera,,,"2019-03-28 09:34:02"
4337952,Tristan,Hu,,tristan.zbi@outlook.com,,,,,,,"2020-11-05 10:48:20"
1540988,Troy,Mackenzie,"Kingdom Construction",troy@kingdomconstruction.co.nz,0273861146,,,,,,"2023-12-15 09:09:31"
2343677,Troy,Norrie,,troy.norrie@icloud.com,0220433915,"210 Don Buck Rd,",,Massey,,,"2018-11-06 08:14:49"
11462482,Trudie,Baker,,trud.baker@gmail.com,021461646,"23 Chalmers Close",Orewa,Auckland,0931,"New Zealand","2026-04-16 14:36:36"
9639632,,,"TRUST BUILD LIMITED",,,,,,,,"2025-01-13 18:41:11"
10036860,,,"TRUST BUILT CARPENTRY LIMITED",,,,,,,,"2025-04-16 15:05:11"
4705323,,,"Trust Projects",,,,,,,,"2021-03-11 14:25:32"
1775413,,,"Ttreatments and Spraying",,,,,,,,"2018-03-01 16:24:35"
2562343,,,"Ty Ngo",,,,,,,,"2019-02-12 19:27:01"
2562344,Ty,Ngo,"Ty Ngo",tyngo13888@gmail.com,0220795597,,,,,,"2019-02-12 19:27:01"
4294315,Tyne,Daniels,,tyne.daniels@gmail.com,0220652655,,,,,,"2020-10-22 19:11:47"
11472556,Tyron,Denison,"HORIZON LINE CONSTRUCTION LIMITED",tyron@horizonline.co.nz,02108350236,"75A Elliston Crescent, Stanmore Bay",Whangaparāoa,Auckland,0932,"New Zealand","2026-04-20 06:26:34"
1674921,Usha,Senapati,,usha.senapati@yahoo.co.in,0221873022,"202h Massey Rd",,"Mangere East",,,"2018-01-15 17:15:57"
10536233,Valentin,Vadeanu,"MADDREN HOMES LIMITED",valentin@maddrenhomes.co.nz,"021-046 5051","2181 East Coast Road, #16",Silverdale,Auckland,0932,"New Zealand","2025-08-22 20:22:25"
8874616,,,"valerie Cross",,,,,,,,"2024-06-15 05:01:24"
8874617,Valerie,Cross,"valerie Cross",cros1group@hotmail.com,0211507343,,,,,,"2024-06-19 21:45:57"
10503109,"Vanessa & Tony",Killeen,,nesskillen@gmail.com,021890982,,,,,,"2025-08-14 17:29:37"
10506806,"Vanessa & Tony",Killeen,,nesskilleen@gmail.com,,,,,,,"2025-08-15 12:16:03"
11895482,,,"Vanessa Burton",,,,,,,,"2026-07-31 11:23:36"
11895483,Vanessa,Burton,"Vanessa Burton",Vanessa.burton@hotmail.com,"+64 27 288 1269","18B Mariposa Crescent, Highbury, Birkenhead",Auckland,,0626,"New Zealand","2026-07-31 11:23:36"
7458216,,,"Vanessa Sym",,,,,,,,"2023-05-23 22:16:31"
7458217,Vanessa,Sym,"Vanessa Sym",sym.vanessa@gmail.com,,"38 Ruze Vida Drive",Massey,Massey,0614,"New Zealand","2023-05-23 22:16:31"
8453486,Vanya,,Vanya,vanya@accurateautoglass.co.nz,021500840,,,,,,"2025-04-14 09:38:40"
10024696,,,Vanya,,,,,,,,"2025-04-14 09:38:40"
2547361,Varinder,,"Varinder / Ruby",VarinderandRuby@gmail.com,021786830,,,,,,"2019-02-07 11:07:11"
2547360,,,"Varinder / Ruby",,,,,,,,"2019-02-07 11:07:11"
3477569,Vaughan,,,Waihekewoodcoatings@gmail.com,0211020374,,,,,,"2020-01-15 14:35:33"
4041323,Vaun,Harper,,vaunandsarah@gmail.com,02041884660,"78 John Downs Drive",,"Browns Bay",,,"2020-08-03 12:16:21"
1643091,,,"VBL Developments",,,,,,,,"2017-12-17 16:17:36"
2148774,,,VBL@xtra.co.nz,,,,,,,,"2018-08-15 16:35:31"
10182502,Veronica,Kim,,iamveronica93@gmail.com,,,,,,,"2025-05-26 11:10:20"
1998784,Vic,Gyles,,vicgyl@gmail.com,0212143866,"14 Chisbury Terrace",,"Shelly Park",,,"2018-06-11 14:57:21"
9075995,,,Vicky,,,,,,,,"2024-08-08 21:17:18"
9075996,Vicky,,Vicky,pavlov@xtra.co.nz,0212110665,"27 Ocean View Road, Milford",Auckland,,0620,"New Zealand","2024-08-08 21:17:18"
6527337,Victoria,,,victoriamckellar@mac.com,021958535,,,,,,"2022-08-26 16:04:14"
3507919,Vijay,,,vijay.construction1949@gmail.com,021990511,,,,,,"2020-01-26 19:37:51"
9236307,,,"VIKING HOMES LIMITED",,,,,,,,"2024-09-19 09:57:56"
6877685,,,Vincent,,,,,,,,"2022-12-05 08:49:14"
6877686,Vincent,,Vincent,vinleenz@gmail.com,,"2D Crescent Road",Epsom,Auckland,1023,"New Zealand","2022-12-05 08:49:14"
1522376,Vincent,Wen,,vincent_wen@bnz.co.nz,0212623509,,,,,,"2017-10-17 17:29:18"
7832152,,,"Violet van Muller",,,,,,,,"2023-09-05 17:35:50"
7832153,"Violet van",Muller,"Violet van Muller",violetmuller@gmail.com,0210355621,,,,,,"2023-09-05 17:35:50"
4231825,Vipin,Nair,"Designer Homes",vipin@designerhomes.kiwi.nz,0226306209,"232 Cavendish Drive",,Wiri,,,"2020-10-05 12:29:01"
12145042,Vivian,Yin,"Mas Claims",claims@mas.co.nz,,,,,,,"2026-10-03 15:39:46"
10628664,,,"Wainui Avenue LP",,,,,,,,"2025-09-13 09:45:04"
9431321,,,"Waitemata Backcare Beds",,,,,,,,"2024-11-06 21:44:02"
11310320,,,"WALL 2 WALL LIMITED",,,,,,,,"2026-03-09 20:19:42"
6014069,Walter,,,Walter.dunno@gmail.com,,,,,,,"2022-04-07 16:29:12"
1668011,,,Warren,,,,,,,,"2018-01-10 17:38:34"
1668012,Warren,,Warren,warren@quickcircuit.co.nz,021780783,,,,,,"2018-01-10 17:38:34"
9164545,,,"Warren Davey",,,,,,,,"2024-09-02 17:46:21"
9164546,"Warren Davey",Davey,"Warren Davey",warrendavey@yahoo.com,"021 962 106",,,,,,"2024-09-02 17:46:21"
11131660,,,"Warren Whyte",,,,,,,,"2026-01-27 09:56:07"
11131661,Warren,Whyte,"Warren Whyte",Wandjwhyte@xtra.co.nz,"+64 27 675 2147","26 Hopkins Crescent, Kohimarama",Auckland,,1071,"New Zealand","2026-01-27 09:56:07"
10590963,"Warwick Frank",PRICE,"WARWICK PRICE LANDSCAPING LIMITED",warwick@wpll.co.nz,0274982878,"7 Sanders Avenue, Takapuna",Auckland,,0622,"New Zealand","2025-09-05 14:58:36"
10590962,,,"WARWICK PRICE LANDSCAPING LIMITED",,,,,,,,"2025-09-05 14:58:36"
4998889,,,Wayne,,,,,,,,"2021-06-07 07:12:23"
4998890,Wayne,,Wayne,waynedickson01@gmail.com,021331633,,,,,,"2021-06-07 07:12:23"
3667323,Wayne,Xu,"Huo Construction",info@huoconstruction.co.nz,0220352256,"Unit 203, 29 Apollo Drive",,Rosedale,,,"2020-03-12 10:53:36"
7902065,,,"WC Property Services T/a- Solvd",,,,,,,,"2023-09-24 23:15:12"
2745270,Wendy,,,kevwens@xtra.co.nz,0274667700,,,,,,"2019-04-15 17:47:53"
2291813,Wes,Wichman,,wesleywichman@gmail.com,0277677610,"6 Almond Grove",,Greenhithe,,,"2018-10-16 10:59:21"
1815259,Wesley,Reid,,wes@tilt.co.nz,0272811029,"39 Whitebys Lane",,"Dairy Flat",,,"2018-03-20 15:58:43"
6030355,,,"Wesley Webb",,,,,,,,"2022-04-12 20:30:12"
6030356,Wesley,Webb,"Wesley Webb",wesleythewebb@gmail.com,0211320776,,,,,,"2022-04-12 20:30:12"
11550569,William,COOPER,"WKC CONSTRUCTION LIMITED",W.K.CConltd@outlook.com,"+64 22 303 6205","61 Kona Crescent, Henderson",Auckland,,0610,"New Zealand","2026-05-08 16:33:31"
10937399,William,Kendrick,"KENDRICK CONSTRUCTION LIMITED",William@kendrickconstruction.co.nz,"+64 210 480813","129 East Coast Road, Castor Bay",Auckland,,0620,"New Zealand","2025-11-26 14:40:45"
3275525,,,Willie,,,,,,,,"2019-10-23 19:51:14"
3275526,Willie,,Willie,tubeandsheet@gmail.com,0272919926,,,,,,"2019-10-23 19:51:14"
6554504,Winyee,,,winyee_91@hotmail.com,0220785791,,,,,,"2022-09-05 07:47:23"
6555922,Winyee,,,Winyee_91@hotmail.com,0220785791,,,,,,"2022-09-05 15:26:44"
11550568,,,"WKC CONSTRUCTION LIMITED",,,,,,,,"2026-05-08 16:33:31"
7273075,,,"WOLF CONSTRUCTION LIMITED",,,,,,,,"2023-03-31 05:31:58"
8631756,,,wolfbrook,,,,,,,,"2024-04-13 19:30:53"
8631758,,,"wolfbrook Limited",,,,,,,,"2024-04-13 19:31:24"
1665265,,,"Woodsmith Building Company Limited",,,,,,,,"2018-01-09 16:46:41"
5562165,Wui-Shen,Tay,,wuishen.tay899@gmail.com,021953318,"31 Springvale Drive",Auckland,"Fairview Heights",,"New Zealand","2021-11-23 15:52:03"
11900099,"Xi Chen",,"HOME ME LIMITED",homeme@outlook.co.nz,,"22 Spark Road",Wainui,Auckland,0932,"New Zealand","2026-08-02 11:11:00"
4150945,yang,shiwei,"Farrys Construction Ltd",shiweiyoung@gmail.com,021555505,,,,,,"2020-09-09 15:05:25"
1497247,Yang,Wang,Barfoot&Thompson,y.wang@barfoot.co.nz,0276688698,"PO Box 38087 Howick",,,,,"2017-10-06 15:28:11"
7359623,Yanina,Binson,,mrv@xtra.co.nz,021722015,,,,,,"2023-04-26 15:44:16"
3106381,Yanina,Silva,,yanina.silva@gmail.com,,"38 Colchester Ave",,Glendowie,,,"2019-08-23 17:04:53"
11088123,"Yasmin and Kersi",Katki,"kitchen studio",yasmin.katki@freshco.co.nz,0211881223,"788 Chapel Road, Shamrock Park",Auckland,,2016,"New Zealand","2026-01-16 13:36:27"
11705363,Yen,,,yenkewyap@gmail.com,021936027,"1080C New North Road, Mount Albert",Auckland,,1025,"New Zealand","2026-06-17 11:37:54"
6086388,yoo,,,yooyou69@gmail.com,02102892040,,,,,,"2022-04-28 20:40:14"
4114976,Yuko,Rowntree,,bethlily@hotmail.com,021028706,"18 Hawkins St",,Meadowbank,,,"2020-08-27 15:59:40"
11314759,YUMING,GUAN,,charlie10086@outlook.com,02108106458,"11 Braemar Road, Castor Bay",Auckland,,0620,"New Zealand","2026-03-10 14:24:15"
5868590,Yvonne,Coles,,ycoles27@gmail.com,094806915,"13 Martin Cresc,",,Northcote,,,"2022-03-02 11:11:09"
4337744,,,"Z Building and Interiors",,,,,,,,"2020-11-05 09:47:12"
1875217,Zaher,Alali,,z_alali@hotmail.com,0212583896,,,,,,"2018-04-17 18:48:36"
2228628,Zaid,Azeem,,zaid@inneed.co.nz,021565711,"63 Thompson Terrace,",,Manurewa,,,"2018-09-21 12:30:17"
10942249,,,"ZE BUILD LIMITED",,,,,,,,"2025-11-27 14:57:10"
3391302,Zena,Jabawi,,zena@sheetmetalsolution.co.nz,0210351351,"5 Ewan Street",,Takapuna,,,"2019-12-11 08:24:49"
2395934,,,"Zim Build Limited",,,,,,,,"2018-11-27 19:39:53"
2697157,,,Zion,,,,,,,,"2019-03-28 16:41:15"
2697158,Zion,,Zion,elimfamilytrust@outlook.com,0210498587,,,,,,"2019-03-28 16:41:15"
5785537,,,ZYJ,,,,,,,,"2022-02-09 07:47:15"
